Period Avg Exchange Rate,81.2808,14863.1,2235.02,,19.8176,,,,Days Gone,Daily average
Days in Cuntry,59,17,27,,50,,,,159,$100.76
Average daily,$53.71,$74.06,$79.96,,$89.85,,,,Days until home,
,NPR,VND,KHR,NZD,THB,Grand Total,,,#NUM!,
Food,"$1,688.01",$544.14,$987.67,$0.00,"$1,311.31","$4,531.13",,,Estimated remaining spend,
Accom,$373.41,$214.16,$426.84,$0.00,"$1,086.81","$2,101.22",,,#NUM!,
Transport,$263.16,$255.79,$326.42,$0.00,$727.12,"$1,572.48",,,,
Flights,$0.00,$0.00,$0.00,"$3,153.32",$0.00,"$3,153.32",,,,
Travel Insurance,,,,"$1,436.33",,"$1,436.33",,,,
Pisspot,$32.60,$11.44,$0.00,$0.00,$18.12,$62.16,I currently owe bridget as of,1/12/2025,,
Tourist Shit,$250.55,$26.58,$194.18,$0.00,$102.94,$574.25,0,0,,
Misc,$561.22,$206.93,$223.71,$351.50,"$1,246.26","$2,589.62",Total -->,-621,,
Total Country Spend,"$3,168.95","$1,259.03","$2,158.82","$4,941.15","$4,492.55","$16,020.51",,,,
Timestamp,Purchase Category,How much did you spend?,Notes,Currency,Cash/Card,,,,,
7/5/2024 14:06:06,Flights,855.22,Auckland -- > Nepal Flight,NZD,Card,,,,,
8/18/2024 11:38:01,Travel Insurance,891.83,Nepal travel insurance,NZD,Card,,,,,
8/18/2024 13:00:00,Misc,21458.1312,Nepal eVisa Application Fee,NPR,Card,,,,,
8/22/2024 13:03:21,Misc,294,Vaccine and prescriptions for travel,NZD,Card,,,,,
9/12/2024 4:45:46,Cash Out,31500,Absolute stitch up of a cash out with my British pounds ,NPR,Card,,,,,
9/12/2024 4:46:15,Transport,1000,Taxi from airport to hostel ,NPR,Cash,,,,,
9/12/2024 5:16:26,Misc,1650,Sim,NPR,Cash,,,,,
9/12/2024 14:23:30,Cash Out,19800,Correction from airport cash out ,NPR,Card,,,,,
9/12/2024 15:47:05,Tourist shit,400,Garden of dreams admission,NPR,Cash,,,,,
9/12/2024 17:36:53,Tourist shit,5000,Bought some sick fucking art,NPR,Cash,,,,,
9/12/2024 19:02:08,Food,675,Food for me and local bloke I met,NPR,Cash,,,,,
9/12/2024 20:24:12,Food,600,"Cigs, coke and water ",NPR,Cash,,,,,
9/12/2024 20:57:20,Tourist shit,200,Monkey temple entry fee,NPR,Cash,,,,,
9/12/2024 23:09:00,Food,569,Post long walk coffee and random side dish,NPR,Cash,,,,,
9/13/2024 3:13:53,Food,379,KadhaiI  chicken for dinner,NPR,Cash,,,,,
9/13/2024 14:39:17,Food,20,Water,NPR,Cash,,,,,
9/13/2024 15:45:02,Tourist shit,4780,Annapurna bus and trekking permit ,NPR,Cash,,,,,
9/13/2024 19:07:54,Food,565,"Hash brown, omelette and coffee",NPR,Card,,,,,
9/13/2024 19:14:19,Misc,450,Wee cute notebook,NPR,Cash,,,,,
9/13/2024 20:46:13,Food,200,Chicken chow mein ,NPR,Cash,,,,,
9/13/2024 21:56:53,Tourist shit,1000,Durbar square,NPR,Cash,,,,,
9/13/2024 23:52:43,Food,350,Buffalo tongue and masala coke,NPR,Cash,,,,,
9/14/2024 2:57:02,Food,585,"Chicken Manchurian, rice and a butter naan",NPR,Cash,,,,,
9/14/2024 14:00:01,Cash Out,35000,Cash out for annapurna,NPR,Card,,,,,
9/14/2024 14:00:31,Misc,700,Cash out atm fee,NPR,Card,,,,,
12/15/2024 15:31:02,Misc,1250,Changed to Misc because missed this ferry due to bad weather Bangkok—>Koh Tao bus/ferry,THB,Card,,,,,
9/14/2024 15:44:37,Food,655,Breakfast,NPR,Cash,,,,,
9/14/2024 20:37:40,Food,300,Lunch,NPR,Cash,,,,,
9/14/2024 20:38:00,Misc,400,Toilet paper and a can coffee,NPR,Cash,,,,,
9/14/2024 20:50:09,Misc,860,"Diamox, baby wipes, Panadol and bandages",NPR,Cash,,,,,
9/14/2024 20:55:23,Food,570,Bars for trek,NPR,Cash,,,,,
9/14/2024 0:47:01,Accom,466.25,4 nights in kathmandhu,NPR,Cash,,,,,
9/13/2024 0:47:01,Accom,466.25,4 nights in kathmandhu,NPR,Cash,,,,,
9/12/2024 0:47:01,Accom,466.25,4 nights in kathmandhu,NPR,Cash,,,,,
9/11/2024 0:47:01,Accom,466.25,4 nights in kathmandhu,NPR,Cash,,,,,
9/15/2024 1:42:13,Food,700,Dinner,NPR,Cash,,,,,
9/15/2024 1:59:17,Misc,200,Laundry,NPR,Cash,,,,,
9/15/2024 12:42:49,Cash Out,30000,Cash out for annapurna,NPR,Card,,,,,
9/15/2024 12:43:29,Misc,600,Cash out fee,NPR,Card,,,,,
9/15/2024 15:55:23,Food,80,Chips ,NPR,Cash,,,,,
9/15/2024 18:42:14,Food,130,Drink,NPR,Cash,,,,,
9/15/2024 18:49:48,Food,380,Lunch,NPR,Cash,,,,,
9/16/2024 1:04:26,Transport,1750,Jeep to jagat ,NPR,Cash,,,,,
9/16/2024 1:04:49,Food,600,Potato curry with rice,NPR,Cash,,,,,
9/15/2024 1:06:08,Accom,250,Jagat room,NPR,Cash,,,,,
9/16/2024 1:21:34,Food,200,Water,NPR,Cash,,,,,
9/16/2024 19:41:15,Food,600,Lunch potato curry,NPR,Cash,,,,,
9/16/2024 20:34:46,Food,1170,Annapurna day 1 breakfast,NPR,Cash,,,,,
9/16/2024 23:56:06,Food,350,2 snickers bars,NPR,Cash,,,,,
9/16/2024 23:58:23,Food,870,Chicken curry w/ rice ,NPR,Cash,,,,,
9/17/2024 1:11:33,Food,250,Snickers,NPR,Cash,,,,,
9/16/2024 1:11:53,Accom,300,Annapurna night 2 accom,NPR,Cash,,,,,
9/17/2024 18:19:39,Food,700,Annapurna day 3 breakfast,NPR,Cash,,,,,
9/17/2024 21:37:32,Food,150,Day 3 end snickers bar,NPR,Cash,,,,,
9/17/2024 23:19:50,Food,150,Max bar,NPR,Cash,,,,,
9/18/2024 1:11:08,Food,600,Annapurna day 3 - tuna fried noodle dinner,NPR,Cash,,,,,
9/18/2024 1:11:40,Food,750,Annapurna day 3 chicken curry lunch,NPR,Cash,,,,,
9/18/2024 1:12:05,Food,150,Annapurna day 3 ginger tea,NPR,Cash,,,,,
9/18/2024 1:12:32,Food,600,Annapurna day 3 dinner part 2 - veg + egg fried rice,NPR,Cash,,,,,
9/18/2024 15:02:41,Food,890,Annapurna Day 4  breakfast chicken chowmein+apple donut,NPR,Cash,,,,,
9/18/2024 20:16:00,Food,1100,Annapurna day 4 lunch - tuna noodle and garlic soup,NPR,Cash,,,,,
9/18/2024 20:16:19,Food,200,Snickers bar (fuck those are good),NPR,Cash,,,,,
9/18/2024 23:57:31,Food,200,Kit kat ,NPR,Cash,,,,,
9/18/2024 23:58:21,Misc,250,Nepali cigarettes,NPR,Cash,,,,,
9/19/2024 0:16:04,Food,1300,Annapurna day 4 dinner - egg curry and fried potato ,NPR,Cash,,,,,
9/19/2024 1:37:53,Food,200,Bed time snickers ,NPR,Cash,,,,,
9/19/2024 19:05:32,Food,500,Day 5 porridge breakfast ,NPR,Cash,,,,,
9/19/2024 19:06:01,Food,500,Day 5 - two apple pies at Ghurya,NPR,Cash,,,,,
9/19/2024 19:06:40,Food,410,Annapurna day 5 post hike Coke Zero and snickers,NPR,Cash,,,,,
9/19/2024 23:43:38,Food,595,French fries pre dinner,NPR,Cash,,,,,
9/19/2024 23:44:25,Food,1025,Day 5 dinner - Spaghetti bolognaise ,NPR,Cash,,,,,
9/19/2024 23:45:07,Accom,500,Annapurna day 5 accom,NPR,Cash,,,,,
9/20/2024 23:45:23,Accom,500,Annapurna day 6 accom,NPR,Cash,,,,,
9/20/2024 1:03:39,Food,300,Snickers and a Mars bar,NPR,Cash,,,,,
9/20/2024 18:47:39,Food,390,Annapurna day 6 breakfast - chocolate scroll,NPR,Cash,,,,,
9/20/2024 18:48:00,Tourist shit,200,Blessing from mountain lady ,NPR,Cash,,,,,
9/20/2024 19:21:10,Food,350,Annapurna ray 6 lunch chocolate croissant,NPR,Cash,,,,,
9/20/2024 20:25:04,Misc,500,Laundry for clothes @ manang,NPR,Cash,,,,,
9/21/2024 0:31:10,Food,1490,Annapurna day 6 dinner - yak curry and potato,NPR,Cash,,,,,
9/21/2024 13:32:27,Food,495,Day 7 breakfast oats ,NPR,Cash,,,,,
9/21/2024 14:12:56,Food,770,Pastries for lunch from tilicho bakery,NPR,Cash,,,,,
9/21/2024 18:58:07,Food,850,Lunch fried noodles with tuna,NPR,Cash,,,,,
9/22/2024 2:46:47,Food,1550,Annapurna day 7 dinner,NPR,Cash,,,,,
9/22/2024 11:38:02,Food,600,Annapurna day 8 breakfast - muesli ,NPR,Cash,,,,,
9/22/2024 18:45:45,Food,850,Lunch tuna fried rice ,NPR,Cash,,,,,
9/21/2024 18:46:05,Accom,250,Annapurna night 7 accom,NPR,Cash,,,,,
9/22/2024 22:20:27,Accom,500,Annapurna day 8 accom,NPR,Cash,,,,,
9/22/2024 22:38:51,Food,200,Snickers,NPR,Cash,,,,,
9/22/2024 23:32:17,Food,700,Dinner chicken fried noodle,NPR,Cash,,,,,
9/23/2024 15:57:20,Accom,500,Annapurna day 9? Thorong peak hotel accom,NPR,Cash,,,,,
9/23/2024 15:58:20,Food,890,Shree Kharka extra dinner +breakfast,NPR,Cash,,,,,
9/23/2024 18:24:13,Food,250,Snickers bar,NPR,Cash,,,,,
9/23/2024 18:44:04,Food,900,Yak chowmein lunch,NPR,Cash,,,,,
9/24/2024 12:38:20,Food,850,Dal baht dinner,NPR,Cash,,,,,
9/24/2024 12:51:41,Food,550,Snickers roll,NPR,Cash,,,,,
9/24/2024 12:52:12,Food,550,Oat porridge breakfast,NPR,Cash,,,,,
9/24/2024 20:49:18,Food,900,Dal baht lunch,NPR,Cash,,,,,
9/24/2024 20:49:50,Food,650,Chocolate roll snack ,NPR,Cash,,,,,
9/24/2024 23:39:15,Food,850,Spring roll dinner,NPR,Cash,,,,,
9/24/2024 23:43:29,Food,600,2 cinnamon rolls for trekking the pass,NPR,Cash,,,,,
9/24/2024 23:43:53,Accom,170,Thorung phedi room,NPR,Cash,,,,,
9/25/2024 17:07:34,Food,500,Post thorong la pass lunch,NPR,Cash,,,,,
9/26/2024 0:23:56,Food,900,Yak Burger,NPR,Cash,,,,,
9/26/2024 0:29:53,Food,950,Pizza ,NPR,Cash,,,,,
9/26/2024 0:30:22,Food,400,Garlic bread,NPR,Cash,,,,,
9/26/2024 0:36:36,Pisspot,350,Barley homemade brandy for shits and gigs,NPR,Cash,,,,,
9/26/2024 1:34:37,Food,550,Brownie for dessert ,NPR,Cash,,,,,
9/26/2024 13:58:02,Food,950,Reggae breakfast,NPR,Cash,,,,,
9/26/2024 17:02:06,Transport,1600,Muktinath to Pokhara bus,NPR,Cash,,,,,
9/26/2024 17:05:07,Food,250,Bus snack,NPR,Cash,,,,,
9/26/2024 2:21:27,Accom,950,Pokhara backpackers hostel accom,NPR,Cash,,,,,
9/27/2024 2:22:19,Food,500,Lunch,NPR,Cash,,,,,
9/27/2024 2:59:16,Food,350,Pokhara dunner,NPR,Cash,,,,,
9/27/2024 2:59:37,Pisspot,500,gin and tonic,NPR,Cash,,,,,
9/27/2024 3:54:53,Pisspot,500,G & T,NPR,Cash,,,,,
9/27/2024 4:33:20,Pisspot,500,G & T,NPR,Cash,,,,,
9/27/2024 15:31:28,Food,640,Protein shake,NPR,Cash,,,,,
9/27/2024 15:31:48,Misc,450,Laundry service ,NPR,Cash,,,,,
9/27/2024 16:08:42,Misc,200,Cigarettes ,NPR,Cash,,,,,
9/27/2024 19:56:24,Food,450,Lunch,NPR,Cash,,,,,
9/27/2024 22:03:48,Food,290,“Chips chilly”,NPR,Cash,,,,,
9/27/2024 0:19:26,Accom,855,Pokhara 3 nights accom,NPR,Cash,,,,,
9/28/2024 22:17:25,Accom,855,Pokhara 3 nights accom,NPR,Cash,,,,,
9/29/2024 20:15:24,Accom,855,Pokhara 3 nights accom,NPR,Cash,,,,,
9/28/2024 0:19:53,Accom,135,Hostel pre book,NPR,Card,,,,,
9/28/2024 2:15:52,Food,750,Kadhai paneer curry,NPR,Cash,,,,,
9/28/2024 20:14:32,Food,640,Yummy protein shake ,NPR,Cash,,,,,
9/28/2024 20:15:32,Food,180,Vegan brownie,NPR,Cash,,,,,
9/28/2024 20:41:06,Food,590,Chicken burger ,NPR,Cash,,,,,
9/28/2024 21:34:58,Misc,250,Three passes map,NPR,Cash,,,,,
9/29/2024 1:37:59,Food,780,"Kadai chicken, omelette, 2 sausages and a chicken skewer ",NPR,Cash,,,,,
9/29/2024 3:50:29,Food,280,Shared momos for the lads,NPR,Cash,,,,,
9/29/2024 4:26:14,Food,400,Ice cream,NPR,Cash,,,,,
9/29/2024 17:18:09,Misc,800,Gym pass,NPR,Card,,,,,
9/29/2024 21:13:37,Food,640,Protein shake after workout,NPR,Cash,,,,,
9/30/2024 21:49:22,Accom,900,Extra night accom,NPR,Cash,,,,,
9/29/2024 22:41:30,Food,785,Lunch,NPR,Cash,,,,,
9/29/2024 22:54:13,Food,75,Lunch was actually 860,NPR,Cash,,,,,
9/30/2024 1:19:17,Misc,2000,Massage,NPR,Cash,,,,,
9/30/2024 20:48:04,Transport,1660,Bus to Kathmandu ,NPR,Cash,,,,,
9/30/2024 20:59:13,Food,640,Protein shake,NPR,Cash,,,,,
10/1/2024 1:51:03,Food,890,Pizza at the movies,NPR,Cash,,,,,
10/1/2024 2:13:33,Food,745,Second pizza and sprite because I was fuckin STARVING,NPR,Cash,,,,,
10/2/2024 5:43:37,Food,610,On Le bus expenses. 15 hour bus ride so far is crazt,NPR,Cash,,,,,
10/2/2024 8:16:27,Food,410,Dinner after that long ASS bus ride,NPR,Cash,,,,,
10/1/2024 17:46:27,Accom,500,Kathmandu bug tree hostel one night ,NPR,Cash,,,,,
10/2/2024 17:46:42,Misc,250,Laundry,NPR,Cash,,,,,
10/2/2024 18:01:45,Accom,800,Two nights at wanderthirst w/breakfast,NPR,Cash,,,,,
10/3/2024 18:01:45,Accom,800,Two nights at wanderthirst w/breakfast,NPR,Cash,,,,,
10/2/2024 18:56:10,Food,860,"Chicken curry rice, chips and a coke zero ",NPR,Cash,,,,,
10/2/2024 21:58:56,Food,1250,Muesli bars for trek,NPR,Cash,,,,,
10/2/2024 21:59:10,Misc,455,Other shit for trek,NPR,Cash,,,,,
10/2/2024 21:59:23,Food,250,Sweet lassi,NPR,Cash,,,,,
10/2/2024 23:00:16,Flights,363.96,Kathmandu—>Bangkok!!,NZD,Card,,,,,
10/3/2024 2:39:20,Food,390,Dinner,NPR,Cash,,,,,
10/3/2024 2:49:08,Food,340,Dessert,NPR,Cash,,,,,
10/3/2024 16:42:26,Transport,5000,Jeep to salleri,NPR,Cash,,,,,
10/3/2024 16:49:32,Food,95,Coke zero,NPR,Cash,,,,,
10/3/2024 17:00:36,Misc,1600,Crampons for three passes,NPR,Cash,,,,,
10/3/2024 17:12:53,Misc,2150,Phone plan top up,NPR,Cash,,,,,
10/3/2024 17:43:56,Food,210,Breakfast,NPR,Cash,,,,,
10/3/2024 22:23:39,Cash Out,100000,Cash out,NPR,Card,,,,,
10/3/2024 22:24:05,Misc,2100,Cash out fees,NPR,Card,,,,,
10/3/2024 22:39:52,Food,675,Lunch,NPR,Cash,,,,,
10/4/2024 2:22:51,Food,850,Dinner,NPR,Cash,,,,,
10/4/2024 11:20:52,Transport,400,Taxi to the cursed jeep,NPR,Cash,,,,,
10/4/2024 15:58:48,Food,70,Random circle shit idk,NPR,Cash,,,,,
10/5/2024 13:09:38,Food,100,Snacks ,NPR,Cash,,,,,
10/5/2024 13:09:56,Food,300,Dal baht,NPR,Cash,,,,,
10/5/2024 21:22:50,Food,200,Breakfast,NPR,Cash,,,,,
10/5/2024 21:23:04,Food,530,Lunch,NPR,Cash,,,,,
10/5/2024 21:46:50,Food,150,Snickers,NPR,Cash,,,,,
10/5/2024 1:07:05,Accom,500,Three passes night 1,NPR,Cash,,,,,
10/6/2024 1:07:24,Food,350,Fanta and water because I was DESPERATE,NPR,Cash,,,,,
10/6/2024 1:45:19,Food,350,Omelette for dinner,NPR,Cash,,,,,
10/6/2024 13:40:57,Food,350,Muesli for breakfast,NPR,Cash,,,,,
10/6/2024 14:27:37,Food,200,Fanta for sugar while trekking,NPR,Cash,,,,,
10/6/2024 22:54:57,Food,700,Post hike Dahl baat and omelette,NPR,Cash,,,,,
10/6/2024 22:55:15,Accom,500,Three passes night 2 accom,NPR,Cash,,,,,
10/7/2024 0:56:24,Food,300,Another brownie because I’m a fatty,NPR,Cash,,,,,
10/7/2024 19:56:30,Food,300,Breakfast,NPR,Cash,,,,,
10/7/2024 19:56:56,Food,950,Expensive fucking Dahl baht. Proper trek prices now,NPR,Cash,,,,,
10/7/2024 19:57:22,Accom,500,Three passes night 3 accom,NPR,Cash,,,,,
10/7/2024 20:42:16,Misc,580,Cigarettes and a snickers ,NPR,Cash,,,,,
10/7/2024 20:43:33,Tourist shit,6000,Three passes permits ,NPR,Cash,,,,,
10/7/2024 21:12:39,Food,520,Chocolate pasty type thing,NPR,Cash,,,,,
10/7/2024 21:37:15,Misc,400,Laundry in namche,NPR,Cash,,,,,
10/7/2024 23:36:31,Food,330,Snickers and hobknobs,NPR,Cash,,,,,
10/8/2024 0:34:15,Food,700,Dinner,NPR,Cash,,,,,
10/8/2024 14:03:24,Food,850,Breakfast,NPR,Cash,,,,,
10/8/2024 20:48:46,Tourist shit,300,Edmund Hillary visitor centre fee,NPR,Cash,,,,,
10/8/2024 20:48:58,Food,650,Lunch,NPR,Cash,,,,,
10/8/2024 21:35:32,Food,1080,Snacks for rest of trip,NPR,Cash,,,,,
10/8/2024 23:56:26,Accom,500,Three passes night 4 accom,NPR,Cash,,,,,
10/9/2024 0:06:12,Food,850,Yak burger dinner,NPR,Cash,,,,,
10/9/2024 0:06:30,Food,850,Day 5 breakfast,NPR,Cash,,,,,
10/9/2024 21:25:28,Accom,500,Thame room,NPR,Cash,,,,,
10/9/2024 21:25:48,Food,700,Thame lunch Dahl baht,NPR,Cash,,,,,
10/9/2024 21:26:10,Food,650,Thame Sherpa stew dinner,NPR,Cash,,,,,
10/11/2024 21:26:25,Food,600,Thame oats breakfast,NPR,Cash,,,,,
10/10/2024 21:26:52,Food,950,Lungden tuna chowmein,NPR,Cash,,,,,
10/10/2024 21:26:52,Food,1500,Lungden egg noodle soup X2,NPR,Cash,,,,,
10/10/2024 21:26:52,Food,600,Lungden 2 snickers bars,NPR,Cash,,,,,
10/10/2024 21:26:52,Food,900,Lungden has brown egg omelette,NPR,Cash,,,,,
10/11/2024 21:28:15,Food,600,Lungden porridge breakfast,NPR,Cash,,,,,
10/11/2024 21:28:30,Accom,500,Gokyo accom,NPR,Cash,,,,,
10/11/2024 21:28:49,Misc,1000,Gokyo 24 hour wifi,NPR,Cash,,,,,
10/11/2024 21:53:27,Food,600,Chocolate bread loaf type ass thing,NPR,Cash,,,,,
10/12/2024 13:26:40,Food,900,A disgusting amount of Dahl baht,NPR,Cash,,,,,
10/12/2024 17:05:14,Accom,500,Gokyo night 2 accom,NPR,Cash,,,,,
10/16/2024 21:17:48,Food,500,Gokyo Brownie,NPR,Cash,,,,,
10/16/2024 21:18:03,Food,900,Gokyo Dahl bat,NPR,Cash,,,,,
10/16/2024 21:18:24,Food,1500,Gokyo extra snacks for passes,NPR,Cash,,,,,
10/16/2024 21:18:39,Food,450,Gokyo oreos,NPR,Cash,,,,,
10/16/2024 21:19:02,Food,500,Gokyo cinnamon roll pre cho la,NPR,Cash,,,,,
10/13/2024 21:19:27,Food,1200,Dzongla dal baht,NPR,Cash,,,,,
10/13/2024 21:19:51,Food,800,Dzongla cinnamon oats,NPR,Cash,,,,,
10/14/2024 21:20:17,Food,1250,Gorak Shep Dahl baht,NPR,Cash,,,,,
10/14/2024 21:35:54,Food,750,Gorak Shep soup,NPR,Cash,,,,,
10/14/2024 21:36:21,Accom,1000,Gorak Shep room,NPR,Cash,,,,,
10/15/2024 21:36:32,Accom,500,Lobuche room,NPR,Cash,,,,,
10/15/2024 21:36:32,Food,1150,Lobuche fried noodle,NPR,Cash,,,,,
10/15/2024 21:36:32,Food,1550,Lobuche further supplies ,NPR,Cash,,,,,
10/15/2024 21:36:32,Food,1050,Lobuche dinner ,NPR,Cash,,,,,
10/16/2024 21:37:50,Food,790,Lobuche brekky before kongma La pass,NPR,Cash,,,,,
10/16/2024 21:38:03,Misc,1000,Chukkhung wifi,NPR,Cash,,,,,
10/17/2024 21:38:16,Accom,250,Chukkhung room,NPR,Cash,,,,,
10/16/2024 21:38:16,Accom,250,Chukkhung room,NPR,Cash,,,,,
10/16/2024 22:59:22,Food,600,Chukkhung chicken noodle soup,NPR,Cash,,,,,
10/17/2024 0:44:06,Food,900,Chukkhung dal baht,NPR,Cash,,,,,
10/17/2024 19:19:02,Food,900,Chukkhung veg Dahl bay,NPR,Cash,,,,,
10/19/2024 20:30:12,Food,500,Chukkhung Chocolate croissant,NPR,Cash,,,,,
10/19/2024 20:30:30,Food,650,Cookies for trekking,NPR,Cash,,,,,
10/19/2024 20:30:50,Food,600,Tsampa porridge,NPR,Cash,,,,,
10/18/2024 20:31:08,Accom,400,Dingboche room,NPR,Cash,,,,,
10/18/2024 20:31:08,Food,700,Tuna fried noodle,NPR,Cash,,,,,
10/18/2024 20:31:08,Food,750,"Donut, croissant and other snacks",NPR,Cash,,,,,
10/18/2024 20:31:08,Food,750,Dahl baht,NPR,Cash,,,,,
10/19/2024 20:32:22,Food,500,Chapati w/ peanut butter,NPR,Cash,,,,,
10/19/2024 20:32:38,Food,1150,Extra snack supplies ,NPR,Cash,,,,,
10/19/2024 22:32:15,Food,700,Slice of cake so I could get wifi,NPR,Cash,,,,,
10/19/2024 22:32:45,Food,700,Noodle linch,NPR,Cash,,,,,
10/20/2024 13:47:10,Food,700,Fried potato with veg and egg,NPR,Cash,,,,,
10/20/2024 13:47:22,Food,800,Sherpa stew,NPR,Cash,,,,,
10/20/2024 14:21:30,Food,500,Porridge breakfast ,NPR,Cash,,,,,
10/19/2024 15:06:54,Accom,300,Temgboche accim,NPR,Cash,,,,,
10/20/2024 19:23:52,Food,180,Snickers,NPR,Cash,,,,,
10/20/2024 19:24:04,Misc,450,Cigarettes,NPR,Cash,,,,,
10/20/2024 19:24:19,Accom,500,Namche room,NPR,Cash,,,,,
10/20/2024 19:38:32,Food,500,Dal baht buff curry lunch,NPR,Cash,,,,,
10/20/2024 20:24:13,Food,150,Another snickers,NPR,Cash,,,,,
10/20/2024 20:29:33,Food,400,Chocolate cake,NPR,Cash,,,,,
10/20/2024 20:53:37,Food,400,More chocolate cake because I’m a fatty,NPR,Cash,,,,,
10/21/2024 0:41:01,Food,360,More snacks,NPR,Cash,,,,,
10/21/2024 1:57:41,Food,900,Grilled chicken,NPR,Cash,,,,,
10/21/2024 2:23:19,Pisspot,800,Hot honey whiskey in namche,NPR,Cash,,,,,
10/21/2024 3:29:15,Food,300,Chocolate,NPR,Cash,,,,,
10/21/2024 12:19:47,Food,850,Namche breakfast ,NPR,Cash,,,,,
10/22/2024 6:58:44,Food,200,Snickers,NPR,Cash,,,,,
10/22/2024 6:59:06,Transport,2500,Jeep to salleri,NPR,Cash,,,,,
10/22/2024 6:59:18,Food,400,Dinner,NPR,Cash,,,,,
10/22/2024 6:59:33,Food,100,Chocolate,NPR,Cash,,,,,
10/22/2024 6:59:44,Misc,10,Cigarette,NPR,Cash,,,,,
10/22/2024 7:00:04,Food,450,Post jeep masala tea + porridge,NPR,Cash,,,,,
10/21/2024 7:10:40,Accom,1000,Paphlu room what a stitch up,NPR,Cash,,,,,
10/22/2024 14:17:37,Transport,1500,Bus to Kathmandu,NPR,Cash,,,,,
10/22/2024 14:29:51,Food,60,3 samosas,NPR,Cash,,,,,
10/22/2024 14:39:19,Food,200,dalmoth bag and lotte pies,NPR,Cash,,,,,
10/22/2024 17:02:01,Food,60,More snack,NPR,Cash,,,,,
10/22/2024 17:45:29,Food,30,Juice,NPR,Cash,,,,,
10/22/2024 20:59:10,Food,450,Lunch,NPR,Cash,,,,,
10/22/2024 20:59:27,Food,220,Sprite and weird grape drink,NPR,Cash,,,,,
10/23/2024 1:35:42,Food,310,"Soap, cigarettes and samosa",NPR,Cash,,,,,
10/23/2024 4:22:59,Food,340,Chocolate and coke,NPR,Cash,,,,,
10/23/2024 5:01:26,Accom,497.5,Two nights accom in kathmandu,NPR,Cash,,,,,
10/22/2024 5:01:26,Accom,497.5,Two nights accom in kathmandu,NPR,Cash,,,,,
10/23/2024 16:41:10,Food,370,Cheap fucking food and a lot of it,NPR,Cash,,,,,
10/23/2024 17:17:53,Food,285,Treats for the day,NPR,Cash,,,,,
10/23/2024 17:21:32,Food,240,Dates and coke,NPR,Cash,,,,,
10/23/2024 17:24:20,Misc,100,Electrolytes,NPR,Cash,,,,,
10/23/2024 19:03:26,Misc,57.5,International drivers permit,NZD,Card,,,,,
10/23/2024 20:58:08,Transport,1800,Bus to chitwan ,NPR,Cash,,,,,
10/23/2024 21:07:34,Food,390,More dates and coke zero,NPR,Cash,,,,,
10/24/2024 2:18:41,Food,310,"Omelette, momos and chowmein",NPR,Cash,,,,,
10/24/2024 2:37:35,Food,375,Dessert,NPR,Cash,,,,,
10/24/2024 15:52:03,Food,200,Breakfast ,NPR,Cash,,,,,
10/24/2024 19:07:58,Food,500,Lunch,NPR,Cash,,,,,
10/24/2024 19:37:35,Food,100,Ice cream,NPR,Cash,,,,,
10/25/2024 0:32:13,Food,710,Dinner,NPR,Cash,,,,,
10/25/2024 0:32:24,Food,95,Chocolate hehe,NPR,Cash,,,,,
10/25/2024 3:17:24,Food,540,2nd dinner,NPR,Cash,,,,,
10/25/2024 14:54:29,Food,45,More chocolate,NPR,Cash,,,,,
10/25/2024 15:42:22,Food,400,Breakfast,NPR,Cash,,,,,
10/25/2024 18:08:46,Food,150,Red bull,NPR,Cash,,,,,
10/25/2024 20:18:27,Food,75,3 samosa and other random thing,NPR,Cash,,,,,
10/25/2024 20:39:48,Food,180,Chicken jerky becayse why not,NPR,Cash,,,,,
10/25/2024 20:46:45,Food,150,Can of cola,NPR,Cash,,,,,
10/25/2024 20:54:11,Food,500,Oreo shake and momos,NPR,Cash,,,,,
10/26/2024 1:32:28,Food,600,Dinner,NPR,Cash,,,,,
10/26/2024 1:47:59,Food,100,Chocolate,NPR,Cash,,,,,
10/26/2024 1:48:42,Misc,600,Bike rentsl,NPR,Cash,,,,,
10/26/2024 2:13:23,Tourist shit,100,elephant breeding centre,NPR,Cash,,,,,
10/26/2024 2:37:49,Food,350,Desset,NPR,Cash,,,,,
10/25/2024 3:48:15,Accom,870,Sauraha accom,NPR,Cash,,,,,
10/24/2024 3:48:15,Accom,870,Sauraha accom,NPR,Cash,,,,,
10/26/2024 3:48:41,Transport,1100,Tuk tuk and Pokhara bus,NPR,Cash,,,,,
10/26/2024 14:21:13,Food,200,Coffee and manadarins,NPR,Cash,,,,,
10/26/2024 21:10:25,Food,250,"Chickpeas, potatoes and chocolate",NPR,Cash,,,,,
10/26/2024 22:18:47,Food,100,Chocolate,NPR,Cash,,,,,
10/26/2024 23:58:27,Food,450,Rather late lunch,NPR,Cash,,,,,
10/27/2024 2:30:29,Food,690,Dinner,NPR,Cash,,,,,
10/27/2024 3:02:20,Food,240,Some snzcks,NPR,Cash,,,,,
10/27/2024 14:38:15,Misc,600,Washing,NPR,Cash,,,,,
10/27/2024 15:28:18,Food,290,Breakfast,NPR,Cash,,,,,
10/27/2024 15:49:36,Food,335,Gum and coke,NPR,Cash,,,,,
10/27/2024 16:02:21,Food,330,1kg apples,NPR,Cash,,,,,
10/27/2024 19:13:02,Food,250,Coffee,NPR,Cash,,,,,
10/27/2024 23:10:02,Misc,350,Cigarettes,NPR,Cash,,,,,
10/28/2024 1:03:18,Tourist shit,85,Pokhara lake boat,NPR,Cash,,,,,
10/28/2024 1:03:30,Food,480,Lunch,NPR,Cash,,,,,
10/28/2024 3:01:05,Food,530,Dinner and desert cookies,NPR,Cash,,,,,
10/28/2024 14:51:37,Food,700,"Peanut butter, tuna and a Coke Zero",NPR,Cash,,,,,
10/28/2024 18:01:59,Food,220,Cappuccino ,NPR,Cash,,,,,
10/29/2024 2:41:36,Food,230,Snacks,NPR,Cash,,,,,
10/29/2024 3:07:24,Food,780,Dinner,NPR,Cash,,,,,
10/29/2024 15:11:25,Food,300,Tuna and coke,NPR,Cash,,,,,
10/29/2024 15:13:13,Food,140,Cinnamon roll and croissant ,NPR,Cash,,,,,
10/29/2024 15:36:35,Food,220,Cappucino,NPR,Cash,,,,,
10/29/2024 23:03:19,Food,470,3 omelettes and chicken momo,NPR,Cash,,,,,
10/30/2024 3:26:59,Food,770,Dinner+dessert,NPR,Cash,,,,,
10/30/2024 3:27:48,Food,100,Coke zero,NPR,Cash,,,,,
10/30/2024 16:19:48,Food,375,Brekafast,NPR,Cash,,,,,
10/30/2024 16:20:05,Food,220,Cappucino,NPR,Cash,,,,,
10/30/2024 16:20:31,Misc,450,Laundry,NPR,Cash,,,,,
10/31/2024 0:17:25,Food,90,Oreos and a cinnamon roll,NPR,Cash,,,,,
10/31/2024 1:33:10,Food,520,Dinner,NPR,Cash,,,,,
10/31/2024 1:52:04,Food,195,Dessert,NPR,Cash,,,,,
10/31/2024 14:57:54,Food,370,The usual,NPR,Cash,,,,,
10/31/2024 14:58:15,Misc,320,More cigarettes mmm,NPR,Cash,,,,,
10/31/2024 18:03:40,Misc,198,Plan top up,NPR,Card,,,,,
11/25/2024 22:09:38,Transport,1000,Sleeper train chiang Mai to bangkok 26th November,THB,Card,,,,,
10/31/2024 22:19:58,Flights,143.91,Flights from bangkok to ho chi minh,NZD,Card,,,,,
10/31/2024 22:29:53,Flights,149.23,Hanoi to bangkok flight,NZD,Card,,,,,
10/31/2024 22:56:38,Food,270,Snacks,NPR,Cash,,,,,
11/1/2024 1:52:44,Food,540,Dinner,NPR,Cash,,,,,
11/1/2024 3:39:58,Food,330,Dessert,NPR,Cash,,,,,
11/1/2024 3:46:14,Food,220,Cappucino,NPR,Cash,,,,,
11/1/2024 15:56:00,Food,220,Cappucino,NPR,Cash,,,,,
11/1/2024 20:07:55,Food,455,Lunch,NPR,Cash,,,,,
11/1/2024 20:08:09,Misc,125,Razor,NPR,Cash,,,,,
11/2/2024 1:48:08,Food,550,Dinner,NPR,Cash,,,,,
11/2/2024 15:56:55,Food,220,Cappucino,NPR,Cash,,,,,
11/2/2024 15:57:15,Food,180,Dessert from last night,NPR,Cash,,,,,
11/2/2024 20:24:34,Food,1095,Lunch + peanut butter and gum,NPR,Cash,,,,,
11/3/2024 0:22:28,Food,250,Sweet treat,NPR,Cash,,,,,
11/3/2024 1:22:58,Food,580,Dinner,NPR,Cash,,,,,
11/3/2024 15:04:13,Food,150,Americano,NPR,Cash,,,,,
11/3/2024 21:58:38,Cash Out,22000,Cash out,NPR,Card,,,,,
11/3/2024 21:58:58,Misc,660,Cash out fee,NPR,Card,,,,,
11/3/2024 22:07:44,Food,445,Lunch snacks,NPR,Cash,,,,,
11/4/2024 1:40:31,Food,430,Dinner,NPR,Cash,,,,,
11/4/2024 14:56:16,Misc,600,More washing ,NPR,Cash,,,,,
11/4/2024 15:03:06,Food,80,Roll thing ,NPR,Cash,,,,,
11/4/2024 15:07:40,Misc,320,Cigarettes,NPR,Cash,,,,,
11/4/2024 15:07:52,Food,355,Breakky innit,NPR,Cash,,,,,
11/4/2024 17:03:02,Food,190,Coffee and water ,NPR,Cash,,,,,
11/4/2024 18:47:07,Travel Insurance,544.5,Travel insurance for south east Asia,NZD,Card,,,,,
11/4/2024 18:53:53,Misc,1337679,Vietnam visa application for Jesse and Bridget,VND,Card,,,,,
11/4/2024 19:13:43,Transport,1800,Sofa bus to khatmandhu,NPR,Cash,,,,,
11/4/2024 19:21:21,Accom,573.1,Pokhara accom for 10 days,NPR,Cash,,,,,
11/3/2024 19:21:21,Accom,573.1,Pokhara accom for 10 days,NPR,Cash,,,,,
11/2/2024 19:21:21,Accom,573.1,Pokhara accom for 10 days,NPR,Cash,,,,,
11/1/2024 19:21:21,Accom,573.1,Pokhara accom for 10 days,NPR,Cash,,,,,
10/31/2024 19:21:21,Accom,573.1,Pokhara accom for 10 days,NPR,Cash,,,,,
10/30/2024 19:21:21,Accom,573.1,Pokhara accom for 10 days,NPR,Cash,,,,,
10/29/2024 19:21:21,Accom,573.1,Pokhara accom for 10 days,NPR,Cash,,,,,
10/28/2024 19:21:21,Accom,573.1,Pokhara accom for 10 days,NPR,Cash,,,,,
10/27/2024 19:21:21,Accom,573.1,Pokhara accom for 10 days,NPR,Cash,,,,,
10/26/2024 19:21:21,Accom,573.1,Pokhara accom for 10 days,NPR,Cash,,,,,
11/4/2024 23:31:13,Food,360,"Coke, banana bread and a caramel slice",NPR,Cash,,,,,
11/5/2024 1:04:39,Food,680,Bye bye pizza,NPR,Cash,,,,,
11/5/2024 2:27:56,Food,330,Dessert,NPR,Cash,,,,,
11/5/2024 14:32:45,Food,650,"Breakfast, coffee and hobknobs for the road",NPR,Cash,,,,,
11/5/2024 21:05:11,Food,650,Lunch,NPR,Cash,,,,,
11/6/2024 1:45:57,Transport,600,Taxi because I walked to the wrong hotel :((,NPR,Cash,,,,,
11/5/2024 2:28:20,Accom,900,3 nighrs accom in patan,NPR,Cash,,,,,
11/6/2024 2:28:20,Accom,900,3 nighrs accom in patan,NPR,Cash,,,,,
11/7/2024 2:28:20,Accom,900,3 nighrs accom in patan,NPR,Cash,,,,,
11/6/2024 2:40:22,Food,150,Hot dog,NPR,Cash,,,,,
11/6/2024 3:12:08,Food,390,Treats,NPR,Cash,,,,,
11/6/2024 3:39:08,Food,120,3 sausages,NPR,Cash,,,,,
11/6/2024 18:03:30,Transport,40,Bus to bhaktapur,NPR,Cash,,,,,
11/6/2024 18:23:41,Tourist shit,1800,Bhaktapur rip off,NPR,Cash,,,,,
11/6/2024 18:45:07,Misc,20,Lighter,NPR,Cash,,,,,
11/6/2024 19:25:19,Food,190,Coffee and komos,NPR,Cash,,,,,
11/6/2024 19:52:30,Food,160,Ice cream and coke ,NPR,Cash,,,,,
11/6/2024 21:19:12,Transport,100,Return bys,NPR,Cash,,,,,
11/6/2024 21:56:55,Misc,385,Notebook for bridget,NPR,Cash,,,,,
11/6/2024 21:57:05,Food,70,Snacks,NPR,Cash,,,,,
11/6/2024 22:08:16,Transport,140,Bike to patan because ceeeebs walking,NPR,Cash,,,,,
11/6/2024 23:05:56,Food,190,More snacks ,NPR,Card,,,,,
11/6/2024 23:09:48,Food,200,Pork cutlets,NPR,Cash,,,,,
11/7/2024 1:48:12,Food,240,Dinner,NPR,Cash,,,,,
11/7/2024 14:23:39,Food,530,Post run snakcs,NPR,Card,,,,,
11/7/2024 16:14:18,Food,175,Coffee,NPR,Cash,,,,,
11/7/2024 16:37:50,Food,170,Coke Zero and a choccy bar,NPR,Cash,,,,,
11/7/2024 17:24:58,Misc,125,Phone top up,NPR,Card,,,,,
11/7/2024 17:25:24,Food,430,Coffee and chips,NPR,Cash,,,,,
11/7/2024 21:30:07,Food,110,Coke and chocolate,NPR,Cash,,,,,
11/7/2024 22:21:54,Food,190,Lunch,NPR,Cash,,,,,
11/7/2024 22:38:42,Tourist shit,500,3 Rings,NPR,Cash,,,,,
11/7/2024 22:46:59,Food,115,Coke and Oreos,NPR,Cash,,,,,
11/8/2024 1:34:40,Food,380,Dinner,NPR,Cash,,,,,
11/8/2024 1:36:16,Food,300,Dessert,NPR,Cash,,,,,
11/8/2024 15:19:32,Food,325,Coffee and sweets,NPR,Cash,,,,,
11/8/2024 15:49:56,Food,540,"Cigarettes, coke and chocolate",NPR,Cash,,,,,
11/8/2024 17:57:33,Food,350,"Coke, pringles and weird little pumpkin seed things ",NPR,Cash,,,,,
11/8/2024 19:34:45,Transport,400,Taxi to airport!!!!,NPR,Cash,,,,,
11/8/2024 20:21:19,Food,120,Croissant,NPR,Cash,,,,,
11/8/2024 21:39:59,Food,270,Using the last of my cash,NPR,Cash,,,,,
11/9/2024 2:15:45,Cash Out,500,Cash out for bus,THB,Card,,,,,
11/9/2024 2:16:00,Misc,220,Cash out fee ,THB,Card,,,,,
11/9/2024 6:41:46,Food,250,Dinner,THB,Cash,,,,,
11/9/2024 6:42:06,Food,100,Protein shack and chicken skewer,THB,Cash,,,,,
11/8/2024 20:14:15,Accom,1000,Bangkok spenny hotel Bridget wanted,THB,Card,,,,,
11/9/2024 20:14:15,Accom,1000,Bangkok spenny hotel Bridget wanted,THB,Card,,,,,
11/10/2024 20:14:15,Accom,1000,Bangkok spenny hotel Bridget wanted,THB,Card,,,,,
11/10/2024 21:19:02,Misc,699,Thai sim,THB,Cash,,,,,
11/10/2024 21:19:17,Misc,680,Massages,THB,Cash,,,,,
11/10/2024 21:20:17,Food,455,9/11 day food,THB,Cash,,,,,
11/10/2024 21:20:43,Food,75,Breakfast,THB,Cash,,,,,
11/10/2024 21:20:58,Food,22,Yoghurt,THB,Cash,,,,,
11/10/2024 21:21:15,Food,40,Sprite and taking,THB,Cash,,,,,
11/10/2024 21:21:40,Misc,4000,Shipping ahit back to NZ,THB,Card,,,,,
11/10/2024 21:22:09,Food,167,Assorted lunch stuff,THB,Cash,,,,,
11/10/2024 22:41:25,Food,90,Sausages,THB,Cash,,,,,
11/11/2024 14:37:52,Food,150,Breakfast,THB,Cash,,,,,
11/11/2024 17:46:53,Food,50,Snakcs,THB,Cash,,,,,
11/11/2024 19:13:23,Transport,60,Grab to train station,THB,Card,,,,,
11/12/2024 0:32:51,Food,50,Food on overnight trian,THB,Cash,,,,,
11/12/2024 10:46:03,Accom,362.88,Chiang Mai 2 nights accom,THB,Card,,,,,
11/13/2024 10:46:03,Accom,362.88,Chiang Mai 2 nights accom,THB,Card,,,,,
11/12/2024 13:13:54,Transport,205,Grab from train station,THB,Card,,,,,
11/12/2024 13:23:01,Food,250,Buffet breakfast,THB,Cash,,,,,
11/12/2024 16:50:09,Transport,300,Scooter rental,THB,Cash,,,,,
11/12/2024 16:53:42,Food,50,Iced coffee,THB,Cash,,,,,
11/13/2024 0:40:33,Food,233.5,Dinner,THB,Cash,,,,,
11/13/2024 13:06:25,Food,85,Dessert,THB,Cash,,,,,
11/13/2024 13:13:34,Food,160,Breakfast,THB,Cash,,,,,
11/18/2024 14:04:19,Transport,270,Busses to and from Chiang rai,THB,Cash,,,,,
11/14/2024 14:04:19,Transport,270,Busses to and from Chiang rai,THB,Cash,,,,,
11/13/2024 16:28:12,Food,30,Sprite and yakult type thang,THB,Cash,,,,,
11/13/2024 17:55:20,Misc,500,Traffic ticket for driving with wrong license :(,THB,Cash,,,,,
11/13/2024 20:51:32,Food,60,Coffee and snack,THB,Cash,,,,,
11/13/2024 21:29:09,Food,115,Lunch,THB,Cash,,,,,
11/13/2024 23:45:54,Transport,300,Bike rental,THB,Cash,,,,,
11/14/2024 17:33:38,Food,110,Post bus snacks,THB,Cash,,,,,
11/14/2024 17:55:14,Transport,280,Motorbike for 3 days,THB,Cash,,,,,
11/15/2024 17:55:14,Transport,280,Motorbike for 3 days,THB,Cash,,,,,
11/16/2024 17:55:14,Transport,280,Motorbike for 3 days,THB,Cash,,,,,
11/14/2024 18:21:14,Accom,600,3 nights in Chiang rai for me and Bridget,THB,Cash,,,,,
11/15/2024 18:21:14,Accom,600,3 nights in Chiang rai for me and Bridget,THB,Cash,,,,,
11/16/2024 18:21:14,Accom,600,3 nights in Chiang rai for me and Bridget,THB,Cash,,,,,
11/14/2024 20:04:38,Misc,45,Laundry,THB,Cash,,,,,
11/14/2024 20:04:51,Transport,140,Gas for bike,THB,Cash,,,,,
11/14/2024 21:43:26,Food,50,Mango smoothie,THB,Cash,,,,,
11/14/2024 22:42:19,Misc,60,Entry into lalita,THB,Cash,,,,,
11/15/2024 19:32:25,Misc,1500,TWO TATTOOS,THB,Cash,,,,,
11/19/2024 19:33:00,Transport,700,Busses to and from mae hong son,THB,Card,,,,,
11/22/2024 19:33:00,Transport,700,Busses to and from mae hong son,THB,Card,,,,,
11/15/2024 19:33:23,Tourist shit,40,Big Buddha entry,THB,Cash,,,,,
11/15/2024 21:17:23,Food,250,Lunch and shit,THB,Cash,,,,,
11/15/2024 21:18:00,Food,150,Last night dinner,THB,Cash,,,,,
11/16/2024 1:35:17,Food,60,Skewers and sprite,THB,Cash,,,,,
11/16/2024 13:25:08,Accom,472.5,3 nights in mae hong son,THB,Card,,,,,
11/17/2024 13:25:08,Accom,472.5,3 nights in mae hong son,THB,Card,,,,,
11/18/2024 13:25:08,Accom,472.5,3 nights in mae hong son,THB,Card,,,,,
11/16/2024 15:43:51,Tourist shit,150,White temple fee,THB,Cash,,,,,
11/16/2024 23:46:20,Food,545,Sweet treats and alldat,THB,Card,,,,,
11/17/2024 17:40:29,Misc,400,Massage,THB,Cash,,,,,
11/17/2024 22:08:57,Transport,90,Grab to hotel,THB,Card,,,,,
11/17/2024 22:10:10,Misc,150,Massage tips,THB,Cash,,,,,
11/17/2024 22:10:59,Food,200,Brekky and other stuff,THB,Cash,,,,,
11/17/2024 22:11:46,Misc,100,Tips for Muay thai,THB,Cash,,,,,
11/17/2024 22:12:16,Food,150,Last night dinner,THB,Card,,,,,
11/19/2024 22:25:31,Accom,350,Chiang Mai 2 nights accom ,THB,Cash,,,,,
11/20/2024 22:25:31,Accom,350,Chiang Mai 2 nights accom ,THB,Cash,,,,,
11/17/2024 22:28:08,Misc,220,Cash out fee,THB,Card,,,,,
11/18/2024 1:11:20,Food,200,Snacks,THB,Cash,,,,,
11/18/2024 1:33:23,Food,32.5,Sweet trwats,THB,Cash,,,,,
11/18/2024 1:51:36,Food,15,Jelly drink,THB,Cash,,,,,
11/18/2024 2:03:05,Food,90,Meat on STICKS,THB,Cash,,,,,
11/18/2024 13:31:54,Food,200,Breakfast and electrolytes,THB,Cash,,,,,
11/18/2024 18:40:26,Food,34,Sprite and jelly,THB,Cash,,,,,
11/18/2024 19:11:10,Misc,120,Sick cargo shorts,THB,Cash,,,,,
11/18/2024 20:05:18,Food,506,Nice ass Michelin star meal,THB,Card,,,,,
11/18/2024 21:16:50,Pisspot,99,Cocktail,THB,Cash,,,,,
11/19/2024 1:03:18,Food,75,Sweet treats,THB,Cash,,,,,
11/19/2024 1:03:31,Transport,100,Grab from tattoo shop to hotel,THB,Card,,,,,
11/19/2024 13:29:17,Food,250,Breakfast and snacks for bus,THB,Cash,,,,,
11/19/2024 15:17:33,Food,62.5,"Sprite, snacks and face mask things",THB,Cash,,,,,
11/19/2024 15:25:21,Transport,56.5,Grab to bus,THB,Card,,,,,
11/20/2024 13:35:40,Food,260,Dinner,THB,Cash,,,,,
11/20/2024 13:36:05,Transport,50,tuk tuk home,THB,Cash,,,,,
11/20/2024 15:03:54,Food,200,Breakfast,THB,Cash,,,,,
11/20/2024 16:16:42,Transport,200,One day scooter rental,THB,Cash,,,,,
11/20/2024 19:00:10,Misc,45,Laundry,THB,Cash,,,,,
11/21/2024 23:51:13,Accom,500,22nd November Chiang Mai accom,THB,Card,,,,,
11/21/2024 0:13:55,Food,222.5,Yummy dinner,THB,Cash,,,,,
11/21/2024 14:31:13,Food,167.5,Brakfast ,THB,Cash,,,,,
11/21/2024 14:31:26,Food,80,Last night desert,THB,Cash,,,,,
11/21/2024 14:48:08,Transport,30,Fuel for bike,THB,Cash,,,,,
11/21/2024 15:08:07,Transport,500,Car rental,THB,Cash,,,,,
11/21/2024 15:30:42,Food,85,Coffee and other stuff for our journey,THB,Cash,,,,,
11/21/2024 19:06:19,Misc,20,Parking at ban rak Thai,THB,Cash,,,,,
11/21/2024 19:06:32,Food,110,Lunch,THB,Cash,,,,,
11/21/2024 23:35:48,Food,15,Street meat,THB,Cash,,,,,
11/21/2024 23:40:19,Food,20,Dumplings,THB,Cash,,,,,
11/21/2024 23:51:46,Food,70,Street dinner,THB,Cash,,,,,
11/22/2024 0:34:21,Food,252,Breakfast and tmrw snacks,THB,Card,,,,,
11/22/2024 16:50:21,Food,80,Stop food,THB,Cash,,,,,
11/22/2024 18:42:35,Transport,114,Grab to hotel fro. Chiang Mai bus terminal,THB,Card,,,,,
11/22/2024 23:12:46,Food,250,Lunch and later snacks,THB,Cash,,,,,
11/23/2024 1:17:34,Misc,600,Got my nails done,THB,Cash,,,,,
11/23/2024 1:17:46,Misc,250,Gym session,THB,Cash,,,,,
11/23/2024 1:56:50,Food,205,Dinner,THB,Card,,,,,
11/23/2024 18:21:44,Food,140,Brekky,THB,Cash,,,,,
11/23/2024 18:21:57,Misc,110,Atm cash out fee,THB,Card,,,,,
11/23/2024 18:29:23,Food,159,Lunch,THB,Cash,,,,,
11/23/2024 19:45:02,Food,144,Cigarettes and snaxks,THB,Cash,,,,,
11/23/2024 19:56:23,Transport,115,Grab to airbnb,THB,Card,,,,,
11/23/2024 22:30:44,Food,400,Bridget’s period haul,THB,Cash,,,,,
11/24/2024 14:28:24,Food,100, Breakfast,THB,Cash,,,,,
11/24/2024 18:05:15,Transport,400,Car rental,THB,Cash,,,,,
11/24/2024 18:05:36,Misc,110,Cash out,THB,Card,,,,,
11/24/2024 18:05:51,Food,45,Coffee,THB,Cash,,,,,
11/24/2024 18:06:21,Misc,100,Phone top yp,THB,Cash,,,,,
11/24/2024 19:37:27,Tourist shit,100,Wat chedi Laing,THB,Cash,,,,,
11/24/2024 20:49:35,Food,70,Pepsi and another Soda,THB,Cash,,,,,
11/25/2024 17:47:36,Food,140,Breakfast,THB,Cash,,,,,
11/25/2024 19:21:55,Food,45,Coffee,THB,Cash,,,,,
11/25/2024 19:22:26,Transport,200,Gas for car,THB,Cash,,,,,
11/25/2024 21:05:03,Food,160,Train dinner,THB,Cash,,,,,
11/26/2024 12:14:34,Food,250,Airport Thai maccas,THB,Card,,,,,
11/26/2024 17:28:44,Misc,300000,SIM card,VND,Card,,,,,
11/26/2024 17:28:56,Food,50000,Banh mi,VND,Cash,,,,,
11/26/2024 17:29:11,Misc,110000,Cash out fee,VND,Card,,,,,
11/26/2024 17:31:12,Transport,131040,Airport grab ,VND,Card,,,,,
11/26/2024 18:10:52,Food,49000,Coofdfdfreeeeee,VND,Cash,,,,,
11/26/2024 19:19:58,Accom,282000,HCM accom,VND,Cash,,,,,
11/26/2024 21:39:10,Misc,75000,Cold sore medication,VND,Cash,,,,,
11/27/2024 13:09:37,Food,35000,Water and jelly ,VND,Cash,,,,,
11/27/2024 14:55:52,Misc,30000,Cigarettes,VND,Cash,,,,,
11/27/2024 15:34:42,Transport,34320,Grab to other hotel,VND,Card,,,,,
11/27/2024 16:09:49,Accom,543999,Post Bridget surgery accom,VND,Cash,,,,,
11/28/2024 16:09:49,Accom,543999,Post Bridget surgery accom,VND,Cash,,,,,
11/27/2024 17:34:40,Food,70000,"Banh mi, coffee and pocari sweat",VND,Cash,,,,,
11/27/2024 17:48:45,Food,45000,Coffee,VND,Cash,,,,,
11/27/2024 22:30:35,Food,133000,Dinner,VND,Card,,,,,
11/28/2024 16:08:59,Food,49000,Morning coffee,VND,Cash,,,,,
11/28/2024 17:09:09,Food,29000,Water and yoghurt,VND,Cash,,,,,
11/28/2024 18:07:39,Food,80000,"Bun, cheese and Kelley",VND,Cash,,,,,
11/28/2024 18:08:09,Food,300000,Spenny lunch,VND,Cash,,,,,
11/29/2024 18:27:58,Transport,1000000,Bus from HCM to hoi an,VND,Card,,,,,
11/28/2024 22:28:02,Food,265000,Cakes and a coffee,VND,Card,,,,,
11/29/2024 12:44:49,Food,169520,Morning coffees and banh mi,VND,Card,,,,,
11/29/2024 15:38:08,Misc,200000,Pharmacy stuff,VND,Cash,,,,,
11/29/2024 15:43:00,Food,45000,More coffee,VND,Cash,,,,,
11/29/2024 16:17:12,Food,50000,Pho bo,VND,Cash,,,,,
11/29/2024 17:34:43,Food,40000,Coke and pocari sweat,VND,Cash,,,,,
11/30/2024 16:08:42,Transport,195520,Grab from middle of nowhere to accom,VND,Card,,,,,
11/30/2024 17:57:39,Food,90000,Breakfast,VND,Cash,,,,,
11/30/2024 18:56:32,Food,35000,Coffee,VND,Cash,,,,,
11/30/2024 19:18:42,Misc,100000,Phone case,VND,Cash,,,,,
11/30/2024 20:34:21,Accom,24666.66667,3 nights hoi an accom,VND,Card,,,,,
12/1/2024 20:34:21,Accom,24666.66667,3 nights hoi an accom,VND,Card,,,,,
12/2/2024 20:34:21,Accom,24666.66667,3 nights hoi an accom,VND,Card,,,,,
11/30/2024 20:35:27,Food,115000,Lunch,VND,Cash,,,,,
12/1/2024 0:59:30,Food,140000,Dinner,VND,Cash,,,,,
12/1/2024 14:39:18,Food,45000,Coffee ,VND,Cash,,,,,
12/1/2024 16:32:33,Food,50000,More coffee,VND,Cash,,,,,
12/1/2024 17:44:53,Food,100000,Lunch,VND,Cash,,,,,
12/1/2024 19:23:25,Misc,10000,Parking ,VND,Cash,,,,,
12/1/2024 19:23:45,Food,35000,Coffeeeee,VND,Cash,,,,,
12/1/2024 21:10:02,Food,50000,Banh mi and coffee,VND,Cash,,,,,
12/2/2024 15:54:02,Food,90000,Coffee and protein shake,VND,Cash,,,,,
12/2/2024 15:54:13,Misc,50000,Gym,VND,Cash,,,,,
12/2/2024 18:34:53,Food,50000,Protein shake,VND,Cash,,,,,
12/2/2024 18:35:05,Misc,40000,Cash out fee,VND,Card,,,,,
12/2/2024 18:42:26,Food,60000,Coffee,VND,Cash,,,,,
12/2/2024 19:53:30,Food,149000,"Dumplings, Pepsi, banj mi, crème brûlée coffee",VND,Cash,,,,,
12/1/2024 23:25:31,Transport,150000,Scooter rental,VND,Cash,,,,,
12/2/2024 23:25:31,Transport,150000,Scooter rental,VND,Cash,,,,,
12/2/2024 23:59:49,Food,70000,First dinner,VND,Cash,,,,,
12/3/2024 0:41:40,Food,80000,Gelato,VND,Cash,,,,,
12/3/2024 15:43:26,Food,120000,"2 coffees, banh mi and a Coke Zero",VND,Cash,,,,,
12/3/2024 17:16:23,Misc,50000,Gym entry,VND,Cash,,,,,
12/3/2024 17:16:46,Food,70000,"Protein shake, water and part of dans protein shake at gym",VND,Cash,,,,,
12/3/2024 18:46:01,Food,35000,Cawfee,VND,Cash,,,,,
12/3/2024 19:58:12,Accom,142000,Da nang 1 nighrs,VND,Card,,,,,
12/3/2024 19:58:12,Misc,142000,Left da nang accom 1 night early,VND,Card,,,,,
12/3/2024 19:58:48,Transport,80000,Transport to da nang,VND,Cash,,,,,
12/3/2024 20:13:27,Misc,44000,Cash out fee,VND,Card,,,,,
12/3/2024 20:47:56,Transport,24440,Grab to food,VND,Card,,,,,
12/3/2024 22:16:15,Food,300000,Nice food,VND,Cash,,,,,
12/3/2024 22:44:41,Pisspot,170000,Mojito,VND,Cash,,,,,
12/4/2024 0:08:50,Food,115000,Snacks and treats,VND,Cash,,,,,
12/4/2024 14:43:54,Flights,191,Phuket to siem ripe,NZD,Card,,,,,
12/4/2024 16:04:58,Food,39000,Coffee,VND,Cash,,,,,
12/4/2024 17:52:29,Food,50000,Water,VND,Cash,,,,,
12/4/2024 17:53:11,Transport,144000,Bus to sapa,VND,Card,,,,,
12/4/2024 19:39:28,Tourist shit,60000,Marble mountain entry fees,VND,Cash,,,,,
12/4/2024 19:40:05,Food,36000,More water,VND,Cash,,,,,
12/4/2024 21:58:24,Misc,44000,Cash out fee,VND,Card,,,,,
12/4/2024 23:00:00,Food,170000,Snakcs for train,VND,Cash,,,,,
12/4/2024 23:26:48,Transport,75000,Grab to bus,VND,Card,,,,,
12/5/2024 13:33:16,Food,50000,Dinner,VND,Cash,,,,,
12/5/2024 13:33:33,Food,70000,Coffeee ,VND,Card,,,,,
12/5/2024 13:40:37,Food,55000,Coffee and banh mi while waiting for bus,VND,Cash,,,,,
12/5/2024 16:54:26,Food,130000,Truck stop treats,VND,Cash,,,,,
12/5/2024 21:27:49,Transport,153000,Grab to accom in sapa,VND,Card,,,,,
12/6/2024 1:50:51,Food,165000,Dinner,VND,Cash,,,,,
12/6/2024 14:17:20,Transport,300000,Taxi around,VND,Cash,,,,,
12/6/2024 14:17:45,Food,75000,Dessert,VND,Cash,,,,,
12/6/2024 16:14:33,Misc,44000,Cash out fee,VND,Card,,,,,
12/6/2024 17:14:00,Transport,300000,Taxi,VND,Cash,,,,,
12/6/2024 17:29:51,Food,185000,Lunch,VND,Cash,,,,,
12/6/2024 18:22:58,Misc,60000,Cute scarf,VND,Cash,,,,,
12/6/2024 20:17:07,Food,180000,Lunch,VND,Cash,,,,,
12/6/2024 18:19:56,Accom,129286.5,Sapa accom,VND,Card,,,,,
12/5/2024 18:19:56,Accom,129286.5,Sapa accom,VND,Card,,,,,
12/8/2024 17:00:56,Accom,269250,Ninh binh accom,VND,Card,,,,,
12/7/2024 18:21:06,Food,941073,Food while at sapa hotel,VND,Card,,,,,
12/7/2024 18:21:31,Misc,100000,Washing,VND,Card,,,,,
12/7/2024 21:16:45,Food,275000,Lunch,VND,Cash,,,,,
12/7/2024 21:16:58,Misc,44000,Cash out fee,VND,Card,,,,,
12/7/2024 22:53:18,Food,55000,Coffee,VND,Cash,,,,,
12/8/2024 3:11:21,Food,275000,Dinner,VND,Cash,,,,,
12/8/2024 18:03:53,Food,75000,Matcha and onigiri,VND,Cash,,,,,
12/8/2024 18:16:20,Misc,110000,Cash out fee,VND,Card,,,,,
12/8/2024 20:44:18,Tourist shit,125000,Monkey centre fee,VND,Cash,,,,,
12/8/2024 20:45:08,Transport,454480,Grab to monkey place,VND,Card,,,,,
12/8/2024 21:51:44,Tourist shit,50000,Bear place,VND,Cash,,,,,
12/8/2024 23:55:27,Transport,100000,Taxi home,VND,Cash,,,,,
12/10/2024 0:04:03,Transport,220000,Bus to hanoi ,VND,Card,,,,,
12/9/2024 1:14:31,Food,40000,Coke and water,VND,Cash,,,,,
12/9/2024 17:12:07,Food,325000,Currrrry,VND,Cash,,,,,
12/9/2024 18:29:36,Food,185000,Brunch,VND,Cash,,,,,
12/9/2024 19:24:14,Food,50000,Water and mango,VND,Cash,,,,,
12/9/2024 22:48:03,Misc,100000,Gym,VND,Cash,,,,,
12/9/2024 22:48:59,Transport,150000,Scooter rental,VND,Cash,,,,,
12/9/2024 22:50:08,Food,70000,Coke and coffee,VND,Cash,,,,,
12/9/2024 22:52:18,Food,40000,Banana smoothie ,VND,Cash,,,,,
12/9/2024 23:12:02,Tourist shit,50000,Old house museum,VND,Cash,,,,,
12/10/2024 0:45:09,Food,104000,Dinner,VND,Cash,,,,,
12/10/2024 0:46:59,Misc,35000,Cigs and playing cards,VND,Cash,,,,,
12/10/2024 15:28:17,Tourist shit,110000,Mua cave and parking,VND,Cash,,,,,
12/9/2024 17:00:56,Accom,269250,Ninh binh accom,VND,Card,,,,,
12/10/2024 20:14:05,Accom,400000,Hanoi accom,VND,Card,,,,,
12/11/2024 20:14:05,Accom,400000,Hanoi accom,VND,Card,,,,,
12/10/2024 22:03:05,Food,274000,Lunch and post bus food,VND,Cash,,,,,
12/11/2024 0:41:17,Food,90000,"Water, dessert and coke",VND,Cash,,,,,
12/11/2024 13:58:59,Food,90000,Morning coffee and tea,VND,Cash,,,,,
12/11/2024 16:39:45,Food,95000,Coffee and pho,VND,Cash,,,,,
12/11/2024 19:03:17,Food,125000,Cheese stick and coke,VND,Cash,,,,,
12/11/2024 19:48:48,Food,30000,Orange juice,VND,Cash,,,,,
12/11/2024 23:12:23,Food,65000,Sweet treats,VND,Cash,,,,,
12/12/2024 0:17:36,Food,330000,Dinner,VND,Cash,,,,,
12/12/2024 14:35:47,Food,140000,Brekkel ,VND,Cash,,,,,
12/12/2024 15:09:49,Transport,140000,Taxi to airport,VND,Card,,,,,
12/12/2024 15:38:53,Misc,50000,Laundry,VND,Card,,,,,
12/12/2024 18:03:34,Misc,869.4,DIDN'T END UP GOING Ayutthaya accom,THB,Card,,,,,
12/12/2024 18:03:56,Misc,500,Changed to Misc as ended up not going - Ayutthaya and back ,THB,Card,,,,,
12/17/2024 18:04:41,Accom,300,ONLY STAYED 9 NIGHTS - Koh Tao 3 weeks accom,THB,Card,,,,,
12/18/2024 18:04:41,Accom,300,ONLY STAYED 9 NIGHTS - Koh Tao 3 weeks accom,THB,Card,,,,,
12/19/2024 18:04:41,Accom,300,ONLY STAYED 9 NIGHTS - Koh Tao 3 weeks accom,THB,Card,,,,,
12/20/2024 18:04:41,Accom,300,ONLY STAYED 9 NIGHTS - Koh Tao 3 weeks accom,THB,Card,,,,,
12/21/2024 18:04:41,Accom,300,ONLY STAYED 9 NIGHTS - Koh Tao 3 weeks accom,THB,Card,,,,,
12/22/2024 18:04:41,Accom,300,ONLY STAYED 9 NIGHTS - Koh Tao 3 weeks accom,THB,Card,,,,,
12/23/2024 18:04:41,Accom,300,ONLY STAYED 9 NIGHTS - Koh Tao 3 weeks accom,THB,Card,,,,,
12/24/2024 18:04:41,Accom,300,ONLY STAYED 9 NIGHTS - Koh Tao 3 weeks accom,THB,Card,,,,,
12/25/2024 18:04:41,Accom,300,ONLY STAYED 9 NIGHTS - Koh Tao 3 weeks accom,THB,Card,,,,,
12/25/2024 18:04:41,Misc,3600,KOH TAO ATE SHIT COST,THB,Card,,,,,
12/12/2024 18:05:24,Accom,705,Bangkok accom,THB,Card,,,,,
12/13/2024 1:46:55,Misc,110,Cash out fee,THB,Card,,,,,
12/13/2024 1:47:25,Food,110,Aiprort 7-11,THB,Cash,,,,,
12/13/2024 1:47:36,Transport,27,Bus,THB,Cash,,,,,
12/13/2024 1:47:56,Food,150,More 7-11,THB,Cash,,,,,
12/13/2024 1:48:09,Food,60,Meat sticks,THB,Cash,,,,,
12/13/2024 1:48:24,Food,65,More 7-11,THB,Cash,,,,,
12/13/2024 1:48:37,Food,45,Water and stuff,THB,Cash,,,,,
12/13/2024 14:22:20,Food,190,7/11 brekkel ,THB,Cash,,,,,
12/13/2024 22:16:45,Misc,700,got a facial,THB,Cash,,,,,
12/13/2024 22:17:11,Food,330,Lunch,THB,Card,,,,,
12/13/2024 22:18:22,Food,150,"Jelly, water, and vitamins",THB,Cash,,,,,
12/14/2024 0:07:08,Food,140,711,THB,Cash,,,,,
12/14/2024 0:07:27,Misc,160,Ankle bracelets,THB,Cash,,,,,
12/14/2024 0:07:45,Food,110,Street meat and mango sticky rice,THB,Cash,,,,,
12/14/2024 14:38:24,Food,160,Breakfast,THB,Cash,,,,,
12/15/2024 0:41:39,Transport,45,Bus,THB,Cash,,,,,
12/15/2024 0:41:52,Food,60,Donut,THB,Cash,,,,,
12/15/2024 0:42:13,Food,115,Lizard park food,THB,Cash,,,,,
12/15/2024 0:42:29,Food,35,7/11 drinks,THB,Cash,,,,,
12/15/2024 0:42:55,Food,110,Pad Thai and chicken,THB,Cash,,,,,
12/15/2024 0:43:10,Misc,361,Massage,THB,Card,,,,,
12/15/2024 2:05:53,Misc,100,Phone top up,THB,Card,,,,,
12/15/2024 2:06:20,Misc,150,Mosquito spray stockpile,THB,Cash,,,,,
12/15/2024 2:06:31,Food,70,Dessert,THB,Cash,,,,,
12/15/2024 11:26:45,Transport,150,Taxi,THB,Cash,,,,,
12/15/2024 11:56:38,Food,125,Brekkel,THB,Cash,,,,,
12/13/2024 12:18:31,Accom,1325,Buddy lodge 1 night,THB,Card,,,,,
12/14/2024 12:19:00,Accom,1116,Buddy lodge night 2,THB,Card,,,,,
12/15/2024 16:54:17,Accom,340, Chunphon back up accom ,THB,Card,,,,,
12/15/2024 16:54:17,Accom,340, Chunphon back up accom ,THB,Card,,,,,
12/17/2024 16:55:21,Transport,750,ferry to Koh Tao,THB,Card,,,,,
12/15/2024 21:56:26,Food,150,More food,THB,Cash,,,,,
12/16/2024 3:27:30,Food,150,Dinner and desert,THB,Cash,,,,,
12/16/2024 3:28:13,Transport,125,Taxi to and from town,THB,Card,,,,,
12/16/2024 16:00:03,Transport,75,Taxi,THB,Cash,,,,,
12/16/2024 16:00:17,Food,252,Breakfast and vitamins ,THB,Cash,,,,,
12/16/2024 16:04:19,Food,100,Drip Coffee  pack,THB,Cash,,,,,
12/16/2024 16:15:04,Food,50,Strawberries,THB,Cash,,,,,
12/16/2024 20:02:21,Misc,400,Massage,THB,Cash,,,,,
12/16/2024 21:30:47,Transport,75,Taxi to new hotel,THB,Cash,,,,,
12/16/2024 21:31:56,Transport,35,Grab to nail salon,THB,Card,,,,,
12/16/2024 21:51:26,Food,150,Late lunch,THB,Cash,,,,,
12/16/2024 23:15:01,Misc,200,Nails,THB,Cash,,,,,
12/17/2024 0:52:10,Food,130,7/11,THB,Cash,,,,,
12/17/2024 0:52:25,Misc,100,Gym,THB,Cash,,,,,
12/17/2024 0:53:18,Transport,35,Grab to accom,THB,Card,,,,,
12/17/2024 1:24:26,Food,105,Grab dinner,THB,Card,,,,,
12/17/2024 15:23:48,Misc,20,Koh Tao pier fee,THB,Cash,,,,,
12/17/2024 15:24:11,Food,105,Protein shake and burger,THB,Cash,,,,,
12/18/2024 16:40:12,Transport,200,8 day scooter rental,THB,Cash,,,,,
12/19/2024 16:40:12,Transport,200,8 day scooter rental,THB,Cash,,,,,
12/20/2024 16:40:12,Transport,200,8 day scooter rental,THB,Cash,,,,,
12/21/2024 16:40:12,Transport,200,8 day scooter rental,THB,Cash,,,,,
12/22/2024 16:40:12,Transport,200,8 day scooter rental,THB,Cash,,,,,
12/23/2024 16:40:12,Transport,200,8 day scooter rental,THB,Cash,,,,,
12/24/2024 16:40:12,Transport,200,8 day scooter rental,THB,Cash,,,,,
12/25/2024 16:40:12,Transport,200,8 day scooter rental,THB,Cash,,,,,
12/17/2024 16:51:28,Transport,50,Gas for bike,THB,Cash,,,,,
12/17/2024 17:01:01,Misc,110,Cash out fee,THB,Card,,,,,
12/17/2024 17:03:45,Food,185,Lunch,THB,Cash,,,,,
12/17/2024 17:42:17,Misc,115,"Tiger balm, soap and anti septic",THB,Cash,,,,,
12/17/2024 17:48:22,Misc,320,Sunscreen and wtaer,THB,Cash,,,,,
12/17/2024 22:07:26,Food,315,Early dinner,THB,Cash,,,,,
12/18/2024 14:18:03,Food,150,Dessert snack,THB,Cash,,,,,
12/18/2024 14:18:48,Food,165,Breakfast,THB,Cash,,,,,
12/18/2024 17:21:18,Food,120,Coconut coffee,THB,Cash,,,,,
12/18/2024 18:16:44,Food,200,Water and other thangs,THB,Cash,,,,,
12/18/2024 22:25:55,Food,450,Supplies,THB,Cash,,,,,
12/18/2024 22:26:06,Misc,450,Supplies,THB,Cash,,,,,
12/19/2024 23:05:42,Food,150,Brekkel ,THB,Cash,,,,,
12/19/2024 23:05:58,Misc,250,Supplies,THB,Cash,,,,,
12/19/2024 23:06:10,Food,200,Snakcs,THB,Cash,,,,,
12/19/2024 23:06:50,Food,180,Ice cream and lava cake and water,THB,Cash,,,,,
12/19/2024 23:07:07,Misc,110,Cash out fee,THB,Card,,,,,
12/19/2024 23:07:56,Misc,80,Container,THB,Cash,,,,,
12/20/2024 22:14:09,Misc,590,Cute necklace,THB,Cash,,,,,
12/20/2024 22:14:20,Food,150,Lunch,THB,Cash,,,,,
12/20/2024 22:14:33,Food,150,Breakfast,THB,Cash,,,,,
12/21/2024 13:28:30,Misc,100,Phone top up,THB,Card,,,,,
12/21/2024 13:29:07,Food,120,Dinner,THB,Cash,,,,,
12/21/2024 15:03:27,Food,150,Breakfast,THB,Cash,,,,,
12/21/2024 17:51:36,Misc,10,Washing powder,THB,Cash,,,,,
12/21/2024 18:31:01,Misc,35,Washing machine,THB,Cash,,,,,
12/21/2024 19:47:33,Food,100,"Protein shake, sprite and wtaer",THB,Cash,,,,,
12/21/2024 19:47:45,Food,75,Coffee ,THB,Cash,,,,,
12/22/2024 0:40:45,Food,490,Dinner,THB,Cash,,,,,
12/22/2024 0:43:50,Food,35,Pocari sweat,THB,Cash,,,,,
12/22/2024 14:27:19,Food,205,Post run stuff,THB,Card,,,,,
12/22/2024 18:49:59,Food,355,Lunch,THB,Cash,,,,,
12/22/2024 19:37:20,Food,45,Ice cream,THB,Cash,,,,,
12/22/2024 21:04:23,Food,120,Juice,THB,Cash,,,,,
12/22/2024 23:14:48,Food,320,Pizza,THB,Cash,,,,,
12/23/2024 13:42:03,Food,120,"WTer, pocari sweat, jelly and some cashews",THB,Card,,,,,
12/23/2024 16:48:42,Food,339,Brunch/breakfast,THB,Card,,,,,
12/23/2024 16:48:55,Misc,25,Laundry,THB,Cash,,,,,
12/23/2024 22:42:51,Misc,110,Cash our fee,THB,Card,,,,,
12/23/2024 22:46:32,Misc,280,Bridget Xmas prezzy,THB,Cash,,,,,
12/23/2024 22:54:14,Food,40,Stick meat,THB,Cash,,,,,
12/23/2024 23:07:55,Food,85,Burger and Pepsi,THB,Cash,,,,,
12/23/2024 23:11:10,Transport,100,Gas,THB,Cash,,,,,
12/24/2024 1:51:09,Food,25,Jelly,THB,Cash,,,,,
12/24/2024 13:06:46,Food,200,Post run brekkel,THB,Card,,,,,
12/24/2024 19:11:06,Food,90,"Jelly, mentos and toasty",THB,Cash,,,,,
12/24/2024 23:14:24,Food,80,Coconut ice cream and burger,THB,Cash,,,,,
12/25/2024 1:07:09,Flights,350,Sydney —> Auckland,NZD,Card,,,,,
12/25/2024 14:37:54,Food,50,Water,THB,Cash,,,,,
12/25/2024 15:28:10,Food,205,Breakfast,THB,Cash,,,,,
12/26/2024 19:09:59,Transport,750,Ferry to chumphon,THB,Card,,,,,
12/25/2024 22:18:19,Food,125,Banana smoothie. Sticks of meat and jelly,THB,Cash,,,,,
12/25/2024 22:44:30,Food,310,Waely dinner,THB,Cash,,,,,
12/26/2024 1:30:45,Accom,387.5,Chumphon accom,THB,Cash,,,,,
12/26/2024 15:17:04,Food,180,Breakfast,THB,Cash,,,,,
12/26/2024 15:17:18,Transport,100,Taxi to pier,THB,Cash,,,,,
12/28/2024 19:56:55,Accom,295,Chumphon accom,THB,Card,,,,,
12/27/2024 19:56:26,Accom,295,Chumphon accom,THB,Card,,,,,
12/31/2024 19:56:55,Accom,500,Krabi accom 3 nights,THB,Card,,,,,
12/29/2024 19:57:24,Accom,500,Krabi accom 3 nights,THB,Card,,,,,
12/30/2024 19:57:53,Accom,500,Krabi accom 3 nights,THB,Card,,,,,
12/28/2024 19:57:19,Transport,750,Bus to Krabi,THB,Card,,,,,
12/26/2024 19:58:39,Transport,116,Grab from ferry to accom,THB,Card,,,,,
12/26/2024 21:33:46,Food,49,Protein shake,THB,Cash,,,,,
12/26/2024 22:04:46,Food,130,"Street meat, and 7-11 food ",THB,Cash,,,,,
12/26/2024 22:08:14,Transport,48,Grab back to accom,THB,Card,,,,,
12/27/2024 0:03:21,Food,167,Dinner,THB,Card,,,,,
12/27/2024 19:36:13,Food,35,Sprite and jelly,THB,Cash,,,,,
12/27/2024 19:36:31,Transport,75,Taxi to Chumphon town,THB,Cash,,,,,
12/27/2024 21:21:02,Food,20,Little fried ball thinfs,THB,Cash,,,,,
12/27/2024 22:11:44,Transport,110,Grab to deer bridge,THB,Card,,,,,
12/28/2024 15:07:59,Food,140,Previous nights dinner,THB,Cash,,,,,
12/28/2024 15:22:47,Food,140,Brekkel,THB,Cash,,,,,
12/28/2024 15:53:18,Food,210,Fancy coffee,THB,Cash,,,,,
12/28/2024 20:46:10,Food,46,Snacks,THB,Cash,,,,,
12/28/2024 21:14:54,Food,77,More snacks,THB,Cash,,,,,
12/29/2024 12:44:05,Misc,120,Phone top up,THB,Card,,,,,
12/29/2024 13:40:30,Food,111,Breakfast,THB,Cash,,,,,
12/29/2024 22:10:21,Food,30,Coke,THB,Cash,,,,,
12/29/2024 22:54:55,Food,70,Noodles ,THB,Cash,,,,,
12/29/2024 22:55:06,Misc,12.5,Laundry,THB,Cash,,,,,
12/30/2024 1:42:47,Food,300,Dinner,THB,Cash,,,,,
12/30/2024 14:43:58,Transport,79,Grab bike,THB,Card,,,,,
12/30/2024 15:03:25,Transport,250,Two days scooter rental,THB,Cash,,,,,
12/31/2024 15:03:25,Transport,250,Two days scooter rental,THB,Cash,,,,,
12/30/2024 15:16:11,Misc,110,Cash out fee,THB,Card,,,,,
12/30/2024 15:20:56,Food,60,Breakfast,THB,Cash,,,,,
12/30/2024 17:34:13,Tourist shit,50,Wat than sua entry,THB,Cash,,,,,
12/30/2024 17:34:27,Food,60,Big water and Gatorade,THB,Cash,,,,,
12/30/2024 19:51:54,Food,90,Lunch,THB,Cash,,,,,
12/30/2024 21:02:08,Food,35,Water and jelly ,THB,Cash,,,,,
12/30/2024 21:28:55,Misc,75,Cigarettes and fisherman’s friends ,THB,Cash,,,,,
12/30/2024 23:32:50,Food,150,Dinner and morning snacks,THB,Cash,,,,,
1/1/2025 1:15:16,Transport,100,Krabi to phanny na,THB,Card,,,,,
1/3/2025 1:15:44,Transport,353.2,Phang na to koah soo,THB,Card,,,,,
1/5/2025 1:16:12,Transport,260,Koah sok to Surat Thani,THB,Card,,,,,
1/1/2025 1:24:55,Accom,450,Phang na accom 2 nights,THB,Card,,,,,
1/2/2025 1:24:55,Accom,450,Phang na accom 2 nights,THB,Card,,,,,
1/3/2025 1:24:55,Accom,575,Khao sok 2 nights,THB,Cash,,,,,
1/4/2025 1:24:55,Accom,575,Khao sok 2 nights,THB,Cash,,,,,
1/5/2025 1:24:55,Accom,125,Surat Thani bed bug shitter,THB,Cash,,,,,
1/5/2025 1:24:55,Misc,125,Left early - Surat Thani bed bug shitter,THB,Cash,,,,,
12/31/2024 15:50:13,Food,150,Breakfast,THB,Cash,,,,,
12/31/2024 21:35:41,Food,115,Food throughout the day,THB,Cash,,,,,
1/1/2025 0:41:51,Transport,100,Bike gas,THB,Cash,,,,,
1/1/2025 0:50:10,Food,20,Sausage,THB,Cash,,,,,
1/1/2025 0:55:34,Food,35,Octopys balls,THB,Cash,,,,,
1/1/2025 1:07:25,Food,25,Chicken skewers and a weird Lolly thing,THB,Cash,,,,,
1/1/2025 1:12:34,Food,30,More takoyaki ,THB,Cash,,,,,
1/1/2025 2:11:54,Food,50,More meat,THB,Cash,,,,,
1/1/2025 3:25:20,Pisspot,140,Rum and coke,THB,Cash,,,,,
1/1/2025 4:08:36,Pisspot,120,Rum sour,THB,Cash,,,,,
1/1/2025 7:01:45,Transport,100,Grab home,THB,Cash,,,,,
1/1/2025 18:44:45,Food,130,Brekkel and bus snacks,THB,Cash,,,,,
1/1/2025 22:11:53,Flights,1100,Cambodia —> Sydney,NZD,Card,,,,,
1/1/2025 23:22:00,Food,42.5,Protein shake,THB,Cash,,,,,
1/2/2025 0:08:19,Food,40,Meat on a stick,THB,Cash,,,,,
1/2/2025 0:19:58,Food,200,"Dinner, water and protein shake for morning",THB,Cash,,,,,
1/2/2025 15:19:03,Food,86,Breakfast,THB,Cash,,,,,
1/2/2025 17:39:00,Tourist shit,100,Donation to monk,THB,Cash,,,,,
1/2/2025 17:53:10,Food,80,Coffee,THB,Cash,,,,,
1/2/2025 20:15:13,Misc,110,Cash out fee,THB,Card,,,,,
1/2/2025 20:15:32,Food,208,Lunch,THB,Cash,,,,,
1/3/2025 0:43:22,Food,400,Dinner and stuff for brekky,THB,Cash,,,,,
1/3/2025 17:41:29,Food,110,Lunch,THB,Cash,,,,,
1/3/2025 21:29:00,Misc,100,Laundry,THB,Cash,,,,,
1/3/2025 21:46:36,Food,130,Mango magic smoothie,THB,Cash,,,,,
1/3/2025 22:22:39,Misc,110,Cash out fee,THB,Cash,,,,,
1/3/2025 22:32:13,Tourist shit,1400,Bamboo rafting and half day trek at koah Sok,THB,Cash,,,,,
1/3/2025 23:04:13,Food,165,Dinner,THB,Cash,,,,,
1/4/2025 0:07:55,Food,65,Water,THB,Cash,,,,,
1/4/2025 0:19:39,Food,130,Trek supplies,THB,Cash,,,,,
1/4/2025 14:41:05,Tourist shit,200,Khao Sok national park entrance fee,THB,Cash,,,,,
1/4/2025 19:04:29,Food,165,Lunch,THB,Cash,,,,,
1/5/2025 1:03:02,Food,285,Dinner,THB,Cash,,,,,
1/5/2025 15:03:40,Misc,1000,Ear medications,THB,Cash,,,,,
1/5/2025 15:10:33,Food,120,Egg coffee,THB,Cash,,,,,
1/5/2025 15:39:39,Misc,180,Replacement running hat,THB,Cash,,,,,
1/5/2025 19:21:28,Food,150,Lunch,THB,Cash,,,,,
1/7/2025 20:20:14,Accom,450,Surat Thani 3 nighrs accom before Phuket,THB,Card,,,,,
1/8/2025 20:20:14,Accom,450,Surat Thani 3 nighrs accom before Phuket,THB,Card,,,,,
1/9/2025 20:20:14,Accom,450,Surat Thani 3 nighrs accom before Phuket,THB,Card,,,,,
1/10/2025 20:21:37,Accom,421.2,Phuket 1 night,THB,Cash,,,,,
1/11/2025 20:24:03,Accom,38666.66667,3 nights siem riep accom,KHR,Card,,,,,
1/12/2025 20:24:03,Accom,38666.66667,3 nights siem riep accom,KHR,Card,,,,,
1/13/2025 20:24:03,Accom,38666.66667,3 nights siem riep accom,KHR,Card,,,,,
1/14/2025 20:24:03,Accom,60000,Extra 3 nights in Siem reap,KHR,Card,,,,,
1/15/2025 20:24:03,Accom,60000,Extra 3 nights in Siem reap,KHR,Card,,,,,
1/16/2025 20:24:03,Accom,60000,Extra 3 nights in Siem reap,KHR,Card,,,,,
1/10/2025 20:33:08,Transport,330,Bus from Surat Thani—> Phuket,THB,Card,,,,,
1/6/2025 20:55:57,Food,130,Lunch,THB,Cash,,,,,
1/7/2025 3:48:51,Food,300,Dinner and other stuff,THB,Cash,,,,,
1/7/2025 3:49:08,Misc,600,Cleaning supplies and laundry,THB,Cash,,,,,
1/7/2025 17:03:24,Food,132,Breakfast,THB,Cash,,,,,
1/7/2025 17:03:35,Misc,35,Cigarettes,THB,Cash,,,,,
1/6/2025 17:16:35,Accom,445,Non bed bug accom,THB,Cash,,,,,
1/7/2025 17:35:12,Transport,250,Scooter rental,THB,Cash,,,,,
1/8/2025 17:35:12,Transport,250,Scooter rental,THB,Cash,,,,,
1/7/2025 20:19:59,Misc,300,More laundry,THB,Cash,,,,,
1/7/2025 22:51:24,Food,230,Dinner and other stuff,THB,Cash,,,,,
1/8/2025 18:26:36,Misc,120,Gym,THB,Cash,,,,,
1/8/2025 18:57:08,Food,150,Lunch,THB,Card,,,,,
1/8/2025 19:48:13,Food,145,Post gym shit,THB,Cash,,,,,
1/9/2025 0:36:44,Food,230,Dinner,THB,Cash,,,,,
1/9/2025 18:01:04,Misc,100,Phone top up,THB,Card,,,,,
1/9/2025 18:01:21,Food,85,Pre gym ,THB,Cash,,,,,
1/9/2025 18:04:40,Misc,120,Gym,THB,Cash,,,,,
1/9/2025 21:43:40,Food,300,Dinner and other bits,THB,Cash,,,,,
1/10/2025 15:01:35,Transport,85,Gas,THB,Cash,,,,,
1/10/2025 15:03:47,Transport,200,Extra day scooter rental,THB,Cash,,,,,
1/10/2025 15:35:21,Transport,46,Grab,THB,Card,,,,,
1/10/2025 20:53:04,Food,90,Lunch,THB,Cash,,,,,
1/10/2025 22:29:20,Food,90,Post bus food,THB,Cash,,,,,
1/10/2025 22:48:29,Misc,230,Photos for visa,THB,Cash,,,,,
1/11/2025 1:47:53,Food,35,Daifoku,THB,Cash,,,,,
1/11/2025 2:57:49,Food,240,Dinner and other thangs,THB,Cash,,,,,
1/11/2025 15:45:39,Transport,100,Airport bus,THB,Cash,,,,,
1/11/2025 18:44:04,Food,400,Expensice maccas at airport,THB,Cash,,,,,
1/11/2025 20:14:46,Misc,216,Dick cream,THB,Cash,,,,,
1/12/2025 0:23:55,Misc,120000,Cambodian visa,KHR,Cash,,,,,
1/12/2025 0:50:29,Food,3000,Water,KHR,Cash,,,,,
1/12/2025 0:50:48,Misc,22800,laundry,KHR,Cash,,,,,
1/12/2025 1:06:32,Food,18400,Grab dinner,KHR,Card,,,,,
1/12/2025 1:40:36,Food,10600,Bubble tea,KHR,Card,,,,,
1/12/2025 18:10:32,Food,18000,Food and a coffee,KHR,Cash,,,,,
1/12/2025 21:47:14,Tourist shit,48000,Angkor museum,KHR,Cash,,,,,
1/12/2025 21:47:34,Food,12000,Grapes and cheese,KHR,Cash,,,,,
1/12/2025 21:47:48,Transport,2800,Grab,KHR,Card,,,,,
1/12/2025 21:48:11,Food,30000,7/11 sesh,KHR,Cash,,,,,
1/12/2025 21:48:24,Misc,10000,Cash out fee,KHR,Card,,,,,
1/13/2025 1:35:12,Food,49344,Dinner,KHR,Card,,,,,
1/13/2025 14:11:38,Food,6400,Water,KHR,Cash,,,,,
1/13/2025 14:11:56,Tourist shit,80000,Old mate showing us roynd,KHR,Cash,,,,,
1/13/2025 14:12:11,Food,7100,Coffee,KHR,Card,,,,,
1/13/2025 14:12:34,Tourist shit,248000,Angkor wat pass,KHR,Cash,,,,,
1/13/2025 19:13:49,Food,28000,Lunch,KHR,Cash,,,,,
1/13/2025 21:28:02,Food,28000,Lunch,KHR,Cash,,,,,
1/13/2025 21:28:15,Misc,60000,SIM card,KHR,Cash,,,,,
1/13/2025 21:47:14,Food,10700,Bubble tea,KHR,Card,,,,,
1/13/2025 22:39:13,Food,28000,Food,KHR,Card,,,,,
1/14/2025 2:20:13,Food,15000,Sweet treat ,KHR,Card,,,,,
1/18/2025 16:21:44,Transport,60000,Battambang —> Phnom Penh bus,KHR,Card,,,,,
1/14/2025 17:52:54,Food,30000,Breakfast,KHR,Cash,,,,,
1/14/2025 19:38:56,Food,10000,Orange juice,KHR,Cash,,,,,
1/15/2025 0:15:19,Food,10000,Bubble tea,KHR,Card,,,,,
1/15/2025 0:15:42,Food,23500,Dinner,KHR,Card,,,,,
1/15/2025 16:36:39,Food,25800,Breakfast and other stuff,KHR,Cash,,,,,
1/15/2025 16:54:56,Transport,11000,Grab to Angkor,KHR,Card,,,,,
1/15/2025 19:57:19,Transport,13000,Grab back to accom,KHR,Card,,,,,
1/15/2025 20:33:32,Food,18000,Bubble tea and coffee,KHR,Card,,,,,
1/16/2025 1:10:23,Food,14800,Dessert,KHR,Card,,,,,
1/16/2025 1:11:18,Food,12500,Dinner,KHR,Card,,,,,
1/16/2025 14:12:49,Misc,20000,Washing,KHR,Cash,,,,,
1/16/2025 15:55:49,Food,21000,Late Brekkel,KHR,Card,,,,,
1/16/2025 17:47:13,Misc,12000,Gym,KHR,Cash,,,,,
1/17/2025 0:30:28,Misc,8000,Battery,KHR,Cash,,,,,
1/17/2025 0:52:22,Food,4000,Meat stick,KHR,Cash,,,,,
1/17/2025 1:00:50,Food,5000,Meat stick,KHR,Cash,,,,,
1/17/2025 1:09:36,Food,28000,Protein shakes,KHR,Cash,,,,,
1/17/2025 1:21:57,Misc,17000,Mossy spray,KHR,Cash,,,,,
1/17/2025 1:28:42,Transport,2700,Grab back,KHR,Card,,,,,
1/17/2025 16:14:10,Food,26000,Breakfast and bus food,KHR,Cash,,,,,
1/17/2025 16:14:22,Transport,5000,Grab to bus station ,KHR,Card,,,,,
1/17/2025 20:09:39,Accom,22000,Battambang accom,KHR,Card,,,,,
1/17/2025 20:47:49,Food,11800,Late lunch,KHR,Cash,,,,,
1/17/2025 22:36:21,Tourist shit,10000,Art fallery,KHR,Cash,,,,,
1/17/2025 23:14:38,Food,52000,Dinner,KHR,Cash,,,,,
1/18/2025 20:02:55,Food,15000,Bus food,KHR,Cash,,,,,
1/18/2025 20:03:24,Misc,21900,7/11 supplies,KHR,Cash,,,,,
1/18/2025 21:49:30,Accom,41000,3 nights phnom penh accom,KHR,Card,,,,,
1/19/2025 23:29:21,Accom,41000,3 nights phnom penh accom,KHR,Card,,,,,
1/20/2025 1:09:12,Accom,41000,3 nights phnom penh accom,KHR,Card,,,,,
1/19/2025 0:40:39,Food,39000,Dinner and other stuff,KHR,Cash,,,,,
1/19/2025 14:09:13,Food,16000,Breakfast,KHR,Cash,,,,,
1/19/2025 15:08:07,Food,10250,Coffeee,KHR,Cash,,,,,
1/19/2025 18:12:46,Misc,2800,Razors,KHR,Cash,,,,,
1/19/2025 18:31:06,Food,4000,Another coffee,KHR,Cash,,,,,
1/19/2025 19:21:22,Food,24200,Lunch,KHR,Cash,,,,,
1/19/2025 20:13:42,Food,8400,Gummies and vitamin drinks,KHR,Cash,,,,,
1/19/2025 20:26:09,Tourist shit,40000,Genocide museum,KHR,Cash,,,,,
1/20/2025 0:06:03,Food,28521,Dinner dinner dinner,KHR,Card,,,,,
1/21/2025 2:30:39,Accom,36000,3 nights in kampot,KHR,Cash,,,,,
1/22/2025 23:29:21,Accom,36000,3 nights in kampot,KHR,Cash,,,,,
1/23/2025 23:29:21,Accom,36000,3 nights in kampot,KHR,Cash,,,,,
1/21/2025 2:56:29,Transport,44300,Bus to jam pot,KHR,Card,,,,,
1/20/2025 18:00:21,Food,11200,Burger and jelly ,KHR,Cash,,,,,
1/20/2025 18:04:37,Food,5000,Meat sticks,KHR,Cash,,,,,
1/20/2025 18:13:16,Food,6000,Coffee,KHR,Cash,,,,,
1/20/2025 20:02:28,Transport,2150,Grab to Mexican place,KHR,Card,,,,,
1/20/2025 21:04:39,Food,94500,Absolutely reamed by a cosckrosch + sweet treats and dinner,KHR,Cash,,,,,
1/21/2025 14:25:03,Food,16000,Brekkel,KHR,Cash,,,,,
1/21/2025 16:44:35,Food,2100,Jelly,KHR,Cash,,,,,
1/21/2025 16:44:57,Misc,6000,Gym,KHR,Cash,,,,,
1/21/2025 17:50:52,Food,10000,Coffee,KHR,Cash,,,,,
1/21/2025 19:15:58,Transport,3250,Grab to bus station ,KHR,Card,,,,,
1/21/2025 22:05:51,Food,31000,Lebanese food pre bus,KHR,Cash,,,,,
1/22/2025 0:16:25,Transport,2850,Grab to accom,KHR,Card,,,,,
1/22/2025 1:05:12,Misc,24000,Running shorts,KHR,Cash,,,,,
1/22/2025 1:21:59,Food,6000,Meat sticks,KHR,Cash,,,,,
1/22/2025 14:51:15,Misc,7500,Laundry,KHR,Cash,,,,,
1/22/2025 19:23:11,Transport,35000,Bike and gas for bike,KHR,Cash,,,,,
1/22/2025 19:34:12,Food,12000,Brekkel,KHR,Cash,,,,,
1/22/2025 20:15:38,Food,26000,Lunch,KHR,Cash,,,,,
1/22/2025 20:42:05,Food,5000,Snack,KHR,Cash,,,,,
1/25/2025 0:09:33,Accom,18000,Banlung 7 nighrs accom,KHR,Card,,,,,
1/26/2025 0:09:33,Accom,18000,Banlung 7 nighrs accom,KHR,Card,,,,,
1/27/2025 0:09:33,Accom,18000,Banlung 7 nighrs accom,KHR,Card,,,,,
1/28/2025 0:09:33,Accom,18000,Banlung 7 nighrs accom,KHR,Card,,,,,
1/29/2025 0:09:33,Accom,18000,Banlung 7 nighrs accom,KHR,Card,,,,,
1/30/2025 0:09:33,Accom,18000,Banlung 7 nighrs accom,KHR,Card,,,,,
1/31/2025 0:09:33,Accom,18000,Banlung 7 nighrs accom,KHR,Card,,,,,
1/22/2025 0:21:55,Transport,51000,Phnom Penh to Banlung,KHR,Card,,,,,
1/22/2025 0:22:14,Transport,44000,Bus to Phnom Penh from kampot,KHR,Card,,,,,
1/23/2025 16:46:46,Food,30000,Brekkel,KHR,Cash,,,,,
1/23/2025 22:53:10,Food,23000,Dinner ,KHR,Cash,,,,,
1/23/2025 22:56:57,Transport,20000,Day 2 scooter rental,KHR,Cash,,,,,
1/24/2025 18:23:37,Food,40000,Lunch,KHR,Cash,,,,,
1/24/2025 21:43:49,Misc,12000,Gym,KHR,Cash,,,,,
1/24/2025 21:44:03,Food,18000,Water and a protein shake,KHR,Cash,,,,,
1/24/2025 23:55:54,Food,9000,Bavin and egg panini,KHR,Cash,,,,,
1/25/2025 0:08:56,Food,8000,Candy,KHR,Cash,,,,,
1/25/2025 0:36:14,Food,11000,Burger and wee little daifokus,KHR,Cash,,,,,
1/25/2025 16:39:34,Transport,5000,Tuk tuk to accom,KHR,Cash,,,,,
1/25/2025 18:42:17,Food,16000,Breakfast and coffee,KHR,Cash,,,,,
1/25/2025 19:03:39,Food,6000,Coffee,KHR,Cash,,,,,
1/25/2025 21:51:50,Food,3000,Protein wafers,KHR,Cash,,,,,
1/25/2025 21:52:03,Misc,5000,Gym,KHR,Cash,,,,,
1/25/2025 21:52:28,Transport,36000,Scooter re tal,KHR,Cash,,,,,
1/25/2025 22:18:56,Food,30000,Dinner,KHR,Cash,,,,,
1/26/2025 0:53:42,Food,20000,Swet treats,KHR,Cash,,,,,
1/26/2025 0:54:02,Misc,15000,Most spray and bugs spray,KHR,Cash,,,,,
1/26/2025 0:54:16,Transport,10000,Petrol,KHR,Cash,,,,,
1/26/2025 15:10:59,Food,18000,Brekkel,KHR,Cash,,,,,
1/26/2025 15:54:55,Transport,36000,Bike,KHR,Cash,,,,,
2/1/2025 16:17:21,Transport,45000,Bus to mondulkiri,KHR,Card,,,,,
2/1/2025 16:18:27,Accom,28000,Mondulkiri 3 nighrs accom,KHR,Cash,,,,,
2/2/2025 16:18:27,Accom,28000,Mondulkiri 3 nighrs accom,KHR,Cash,,,,,
2/3/2025 16:18:27,Accom,28000,Mondulkiri 3 nighrs accom,KHR,Cash,,,,,
1/26/2025 18:03:31,Misc,5000,Gym,KHR,Cash,,,,,
1/26/2025 18:12:17,Food,3500,Pre gym coffee,KHR,Cash,,,,,
1/26/2025 20:04:40,Food,4000,Protein bars,KHR,Cash,,,,,
1/26/2025 21:12:14,Food,28000,Late lunch,KHR,Cash,,,,,
1/27/2025 1:41:38,Food,18000,Dinner,KHR,Cash,,,,,
1/27/2025 15:50:31,Transport,36000,Scooter,KHR,Cash,,,,,
1/27/2025 15:50:48,Food,18000,Brekkel,KHR,Cash,,,,,
1/27/2025 18:20:00,Tourist shit,8000,Lake entrance fee,KHR,Cash,,,,,
1/27/2025 18:20:10,Food,32000,Lunch,KHR,Cash,,,,,
1/28/2025 0:39:13,Food,12000,Dinner,KHR,Cash,,,,,
1/28/2025 16:24:19,Food,20000,Breakfast,KHR,Cash,,,,,
1/28/2025 16:24:33,Transport,36000,Scooter rental,KHR,Cash,,,,,
1/28/2025 21:34:37,Misc,5000,Gym,KHR,Cash,,,,,
1/28/2025 21:34:51,Food,11500,Pre gym snacks,KHR,Cash,,,,,
1/28/2025 21:50:30,Food,32000,Early dinner ,KHR,Cash,,,,,
1/29/2025 0:08:32,Food,6750,Sweet treats,KHR,Cash,,,,,
1/29/2025 14:48:31,Food,20000,Brekkel,KHR,Cash,,,,,
1/29/2025 14:48:50,Transport,36000,Scooter rental,KHR,Card,,,,,
1/29/2025 22:28:36,Food,20000,Sweet treats,KHR,Cash,,,,,
1/29/2025 22:31:14,Food,27000,Lunch/dinner,KHR,Cash,,,,,
1/30/2025 15:26:52,Food,18000,Breakfast,KHR,Cash,,,,,
1/30/2025 15:27:04,Transport,36000,More scooter,KHR,Cash,,,,,
1/30/2025 19:38:43,Food,35000,Lunch,KHR,Cash,,,,,
2/4/2025 23:56:06,Accom,65000,3 nighrs Phnom Penh,KHR,Cash,,,,,
2/5/2025 23:56:06,Accom,65000,3 nighrs Phnom Penh,KHR,Cash,,,,,
2/6/2025 23:56:06,Accom,65000,3 nighrs Phnom Penh,KHR,Cash,,,,,
1/31/2025 0:02:35,Food,10000,Dinner,KHR,Cash,,,,,
1/31/2025 16:25:14,Food,20000,Brekkel,KHR,Cash,,,,,
1/31/2025 16:25:28,Transport,36000,Scooter,KHR,Cash,,,,,
2/4/2025 16:29:15,Transport,57000,Mondulkiri—>Phnom Penh bus,KHR,Card,,,,,
1/31/2025 19:37:46,Food,11100,Gummies,KHR,Card,,,,,
1/31/2025 19:43:15,Transport,14000,Gas,KHR,Cash,,,,,
1/31/2025 19:57:31,Food,24000,Lunch,KHR,Cash,,,,,
1/31/2025 20:50:30,Misc,26000,Running shorts,KHR,Card,,,,,
2/1/2025 1:42:21,Food,12000,Dinner,KHR,Cash,,,,,
2/1/2025 15:05:27,Food,20000,Brekkel,KHR,Cash,,,,,
2/1/2025 15:05:42,Transport,36000,Scooter,KHR,Cash,,,,,
2/1/2025 16:17:14,Food,6500,Water and cofffee,KHR,Cash,,,,,
2/1/2025 16:17:28,Misc,5000,Gym,KHR,Cash,,,,,
2/1/2025 18:17:37,Food,26000,Lunch,KHR,Cash,,,,,
2/2/2025 2:09:07,Food,60000,Obscenely expensive lasagna but fuck it we ball,KHR,Cash,,,,,
2/2/2025 14:13:19,Food,24000,Brekkel ,KHR,Cash,,,,,
2/2/2025 18:19:50,Food,10000,Coffee,KHR,Cash,,,,,
2/2/2025 19:44:50,Food,24000,Lunch,KHR,Cash,,,,,
2/3/2025 0:14:19,Food,40000,Dinner,KHR,Cash,,,,,
2/3/2025 15:01:04,Food,23000,Brekkel,KHR,Cash,,,,,
2/3/2025 18:59:29,Food,12000,2 cokes and cake with Bridget,KHR,Cash,,,,,
2/3/2025 0:29:00,Food,32000,Lunch,KHR,Cash,,,,,
2/4/2025 0:31:33,Food,75000,Dinner,KHR,Card,,,,,
2/4/2025 12:35:00,Transport,2500,Grab to bus terminal,KHR,Cash,,,,,
2/4/2025 17:19:03,Food,15000,Bus trip food ,KHR,Cash,,,,,
2/4/2025 1:15:22,Food,40000,Late lunch/early dinner,KHR,Cash,,,,,
2/4/2025 1:15:37,Food,14000,Post run sweet treat,KHR,Card,,,,,
2/5/2025 18:38:18,Food,70000,Lunch and a fuck load of pita bread+ hummus for later,KHR,Card,,,,,
2/5/2025 23:19:21,Misc,24000,running singlet,KHR,Cash,,,,,
2/6/2025 0:35:20,Misc,48000,Melatonin,KHR,Card,,,,,
2/6/2025 0:58:21,Food,16000,"Coke, water and vitamin stuff",KHR,Cash,,,,,
2/6/2025 1:13:06,Food,12000,Dairy Queen,KHR,Card,,,,,
2/6/2025 14:56:56,Misc,23000,Hair products,KHR,Cash,,,,,
2/6/2025 17:21:28,Transport,2150,Grab to the mall,KHR,Card,,,,,
2/6/2025 18:53:47,Food,54000,Lunch,KHR,Card,,,,,
2/7/2025 17:37:30,Transport,8850,Fuk tuk to airport,KHR,Card,,,,,
2/7/2025 19:06:50,Food,50000,Lunch,KHR,Cash,,,,,
2/7/2025 19:52:45,Food,24000,Airport coffee,KHR,Cash,,,,,
2/7/2025 0:38:33,Food,18000,Airport dinner,KHR,Card,,,,,